Order,ENV,block,sb,GRID,GENO,Type,TypeO,TypeS,Family,GE,D80,D100,Surv,L10,Bud,totaldays,D320,CD320
1,DUNE,1,A,B10,Parental,DUNE,DUNE,D1,D1-A23,1,1,1,1,1,0,240,1,0
2,DUNE,1,A,B34,Parental,DUNE,DUNE,D0,D0-48,1,1,1,1,1,0,289,1,0
3,DUNE,1,A,C33,Parental,DUNE,DUNE,D0,D0-51,0,0,0,0,0,0,0,NA,1
4,DUNE,1,A,D02,Parental,DUNE,DUNE,D3,D3-A24,1,1,1,1,1,0,240,1,0
5,DUNE,1,A,D04,Parental,DUNE,DUNE,D0,D0-54,0,0,0,0,0,0,0,NA,1
6,DUNE,1,A,E12,Parental,DUNE,DUNE,D1,D1-A14,1,1,1,1,1,0,289,1,0
7,DUNE,1,A,F14,Parental,DUNE,DUNE,D1,D1-AY,1,1,1,0,0,0,143,0,1
8,DUNE,1,A,G30,Parental,DUNE,DUNE,D3,D3-A10,1,1,1,0,0,0,157,0,1
9,DUNE,1,A,G31,Parental,DUNE,DUNE,D1,D1-A08,1,1,1,1,1,0,289,1,0
10,DUNE,1,A,G35,Parental,DUNE,DUNE,D1,D1-A07,0,0,0,0,0,0,0,NA,1
11,DUNE,1,A,H34,Parental,DUNE,DUNE,D0,D0-38,1,1,1,1,1,1,306,1,0
12,DUNE,1,A,H35,Parental,DUNE,DUNE,D0,D0-36,1,1,1,1,1,0,298,1,0
13,DUNE,1,A,H37,Parental,DUNE,DUNE,D3,D3-A26,0,0,0,0,0,0,0,NA,1
14,DUNE,1,A,H40,Parental,DUNE,DUNE,D1,D1-A29,1,1,1,0,0,0,143,0,1
15,DUNE,1,A,J03,Parental,DUNE,DUNE,D0,D0-27,1,1,1,1,1,0,269,1,0
16,DUNE,1,A,J29,Parental,DUNE,DUNE,D1,D1-A11,0,0,0,0,0,0,0,NA,1
17,DUNE,1,A,J30,Parental,DUNE,DUNE,D0,D0-37,1,1,1,0,0,0,143,0,1
18,DUNE,1,A,K08,Parental,DUNE,DUNE,D1,D1-A09,0,0,0,0,0,0,0,NA,1
19,DUNE,1,A,K20,Parental,DUNE,DUNE,D1,D1-A06,0,0,0,0,0,0,0,NA,1
20,DUNE,1,A,K31,Parental,DUNE,DUNE,D3,D3-A13,1,1,1,1,1,0,289,1,0
21,DUNE,1,A,L04,Parental,DUNE,DUNE,D0,D0-28,0,0,0,0,0,0,0,NA,1
22,DUNE,1,A,N24,Parental,DUNE,DUNE,D0,D0-46,1,1,1,0,0,0,124,0,1
23,DUNE,1,A,O01,Parental,DUNE,DUNE,D3,D3-A04,0,0,0,0,0,0,0,NA,1
24,DUNE,1,A,O14,Parental,DUNE,DUNE,D3,D3-A03,0,0,0,0,0,0,0,NA,1
25,DUNE,1,A,O33,Parental,DUNE,DUNE,D1,D1-A03,0,0,0,0,0,0,0,NA,1
26,DUNE,1,B,B39,Parental,DUNE,DUNE,D3,D3-A05,1,1,1,1,1,0,252,0,1
27,DUNE,1,B,C27,Parental,DUNE,DUNE,D1,D1-A32,0,0,0,0,0,0,0,NA,1
28,DUNE,1,B,E05,Parental,DUNE,DUNE,D3,D3-A21,1,1,1,1,1,1,256,0,1
29,DUNE,1,B,F03,Parental,DUNE,DUNE,D0,D0-29,1,0,0,0,0,0,24,0,1
30,DUNE,1,B,F23,Parental,DUNE,DUNE,D3,D3-A12,1,1,1,1,0,0,197,0,1
31,DUNE,1,B,G09,Parental,DUNE,DUNE,D0,D0-42,1,1,1,1,1,0,308,1,0
32,DUNE,1,B,G12,Parental,DUNE,DUNE,D1,D1-A20,1,1,1,1,1,0,289,1,0
33,DUNE,1,B,G15,Parental,DUNE,DUNE,D3,D3-A20,1,1,1,1,1,1,306,1,0
34,DUNE,1,B,G17,Parental,DUNE,DUNE,D3,D3-A23,1,1,1,1,1,0,310,1,0
35,DUNE,1,B,G37,Parental,DUNE,DUNE,D0,D0-30,1,1,1,1,1,0,304,1,0
36,DUNE,1,B,H03,Parental,DUNE,DUNE,D3,D3-A02,1,1,1,1,1,0,300,1,0
37,DUNE,1,B,H06,Parental,DUNE,DUNE,D1,D1-A12,1,1,1,0,0,0,157,0,1
38,DUNE,1,B,H11,Parental,DUNE,DUNE,D1,D1-A16,1,1,1,0,0,0,104,0,1
39,DUNE,1,B,H27,Parental,DUNE,DUNE,D0,D0-31,0,0,0,0,0,0,0,NA,1
40,DUNE,1,B,I01,Parental,DUNE,DUNE,D0,D0-49,1,0,0,0,0,0,7,0,1
41,DUNE,1,B,I03,Parental,DUNE,DUNE,D0,D0-34,0,0,0,0,0,0,0,NA,1
42,DUNE,1,B,J21,Parental,DUNE,DUNE,D1,D1-A17,0,0,0,0,0,0,0,NA,1
43,DUNE,1,B,J39,Parental,DUNE,DUNE,D1,D1-A33,1,1,1,1,1,0,289,1,0
44,DUNE,1,B,L26,Parental,DUNE,DUNE,D1,D1-A04,1,1,1,1,0,0,289,1,0
45,DUNE,1,B,L40,Parental,DUNE,DUNE,D0,D0-41,0,0,0,0,0,0,0,NA,1
46,DUNE,1,B,M23,Parental,DUNE,DUNE,D1,D1-A27,1,1,1,1,1,0,289,1,0
47,DUNE,1,B,M26,Parental,DUNE,DUNE,D3,D3-A11,1,1,1,1,1,0,304,1,0
48,DUNE,1,B,M37,Parental,DUNE,DUNE,D1,D1-A13,1,1,0,0,0,0,1,0,1
49,DUNE,1,B,N03,Parental,DUNE,DUNE,D0,D0-53,1,0,0,0,0,0,11,0,1
50,DUNE,1,B,N12,Parental,DUNE,DUNE,D1,D1-A15,1,1,1,0,0,0,143,0,1
51,DUNE,1,B,N27,Parental,DUNE,DUNE,D1,D1-A24,1,1,1,0,0,0,114,0,1
52,DUNE,1,B,O15,Parental,DUNE,DUNE,D0,D0-39,1,1,1,1,1,0,289,1,0
53,DUNE,1,C,A12,Parental,DUNE,DUNE,D0,D0-43,1,1,1,1,1,0,302,1,0
54,DUNE,1,C,A35,Parental,DUNE,DUNE,D1,D1-A19,1,1,1,1,0,0,248,0,1
55,DUNE,1,C,B10,Parental,DUNE,DUNE,D3,D3-A17,1,1,1,1,0,0,254,0,1
56,DUNE,1,C,B20,Parental,DUNE,DUNE,D3,D3-A31,0,0,0,0,0,0,0,NA,1
57,DUNE,1,C,D26,Parental,DUNE,DUNE,D3,D3-A25,0,0,0,0,0,0,0,NA,1
58,DUNE,1,C,D30,Parental,DUNE,DUNE,D0,D0-44,0,0,0,0,0,0,0,NA,1
59,DUNE,1,C,E03,Parental,DUNE,DUNE,D3,D3-A27,0,0,0,0,0,0,0,NA,1
60,DUNE,1,C,F12,Parental,DUNE,DUNE,D3,D3-A01,1,1,1,1,1,0,254,0,1
61,DUNE,1,C,F13,Parental,DUNE,DUNE,D3,D3-A18,0,0,0,0,0,0,0,NA,1
62,DUNE,1,C,G14,Parental,DUNE,DUNE,D3,D3-A07,1,1,1,1,1,0,252,0,1
63,DUNE,1,C,G25,Parental,DUNE,DUNE,D1,D1-A01,1,1,1,1,0,0,289,1,0
64,DUNE,1,C,G28,Parental,DUNE,DUNE,D0,D0-52,1,1,1,1,1,0,298,1,0
65,DUNE,1,C,H30,Parental,DUNE,DUNE,D1,D1-A22,1,1,1,1,0,0,219,0,1
66,DUNE,1,C,H40,Parental,DUNE,DUNE,D3,D3-A19,0,0,0,0,0,0,0,NA,1
67,DUNE,1,C,I03,Parental,DUNE,DUNE,D3,D3-A14,0,0,0,0,0,0,0,NA,1
68,DUNE,1,C,I04,Parental,DUNE,DUNE,D3,D3-A28,0,0,0,0,0,0,0,NA,1
69,DUNE,1,C,I08,Parental,DUNE,DUNE,D1,D1-AX,1,1,1,0,0,0,114,0,1
70,DUNE,1,C,I36,Parental,DUNE,DUNE,D1,D1-A02,1,1,1,1,0,0,239,0,1
71,DUNE,1,C,J02,Parental,DUNE,DUNE,D1,D1-A30,1,1,1,1,0,0,154,0,1
72,DUNE,1,C,J10,Parental,DUNE,DUNE,D3,D3-A22,1,1,1,1,1,1,306,1,0
73,DUNE,1,C,J32,Parental,DUNE,DUNE,D1,D1-A28,1,1,1,1,0,0,219,0,1
74,DUNE,1,C,L08,Parental,DUNE,DUNE,D0,D0-50,1,1,1,1,0,0,283,1,0
75,DUNE,1,C,L14,Parental,DUNE,DUNE,D1,D1-A10,1,1,1,1,0,0,183,0,1
76,DUNE,1,C,L36,Parental,DUNE,DUNE,D0,D0-55,0,0,0,0,0,0,0,NA,1
77,DUNE,1,C,M03,Parental,DUNE,DUNE,D0,D0-40,1,1,1,1,0,0,190,0,1
78,DUNE,1,C,N39,Parental,DUNE,DUNE,D3,D3-A08,1,1,1,0,0,0,143,0,1
79,DUNE,1,C,O13,Parental,DUNE,DUNE,D1,D1-A05,1,1,1,1,0,0,240,1,0
80,DUNE,1,C,O15,Parental,DUNE,DUNE,D0,D0-47,1,1,1,1,1,0,269,1,0
81,DUNE,2,A,B10,Parental,DUNE,DUNE,D1,D1-A23,1,0,0,0,0,0,36,0,1
82,DUNE,2,A,B34,Parental,DUNE,DUNE,D0,D0-48,1,1,1,1,1,0,308,1,0
83,DUNE,2,A,C33,Parental,DUNE,DUNE,D0,D0-51,0,0,0,0,0,0,0,NA,1
84,DUNE,2,A,D02,Parental,DUNE,DUNE,D3,D3-A24,0,0,0,0,0,0,0,NA,1
85,DUNE,2,A,D04,Parental,DUNE,DUNE,D0,D0-54,0,0,0,0,0,0,0,NA,1
86,DUNE,2,A,E12,Parental,DUNE,DUNE,D1,D1-A14,1,0,0,0,0,0,3,0,1
87,DUNE,2,A,F14,Parental,DUNE,DUNE,D1,D1-AY,1,1,1,1,1,0,289,1,0
88,DUNE,2,A,G30,Parental,DUNE,DUNE,D3,D3-A10,0,0,0,0,0,0,0,NA,1
89,DUNE,2,A,G31,Parental,DUNE,DUNE,D1,D1-A08,1,1,1,1,1,0,308,1,0
90,DUNE,2,A,G35,Parental,DUNE,DUNE,D1,D1-A07,1,1,1,1,0,0,183,0,1
91,DUNE,2,A,H34,Parental,DUNE,DUNE,D0,D0-38,1,1,1,1,1,0,310,1,0
92,DUNE,2,A,H35,Parental,DUNE,DUNE,D0,D0-36,1,1,1,1,1,0,310,1,0
93,DUNE,2,A,H37,Parental,DUNE,DUNE,D3,D3-A26,0,0,0,0,0,0,0,NA,1
94,DUNE,2,A,H40,Parental,DUNE,DUNE,D1,D1-A29,1,1,1,0,0,0,114,0,1
95,DUNE,2,A,J03,Parental,DUNE,DUNE,D0,D0-27,0,0,0,0,0,0,0,NA,1
96,DUNE,2,A,J29,Parental,DUNE,DUNE,D1,D1-A11,1,1,1,0,0,0,141,0,1
97,DUNE,2,A,J30,Parental,DUNE,DUNE,D0,D0-37,1,1,1,0,0,0,143,0,1
98,DUNE,2,A,K08,Parental,DUNE,DUNE,D1,D1-A09,1,1,1,1,1,0,300,1,0
99,DUNE,2,A,K20,Parental,DUNE,DUNE,D1,D1-A06,1,1,1,1,1,0,300,1,0
100,DUNE,2,A,K31,Parental,DUNE,DUNE,D3,D3-A13,1,1,1,1,1,0,298,1,0
101,DUNE,2,A,L04,Parental,DUNE,DUNE,D0,D0-28,1,1,1,1,1,1,308,1,0
102,DUNE,2,A,N24,Parental,DUNE,DUNE,D0,D0-46,1,1,1,1,1,0,224,0,1
103,DUNE,2,A,O01,Parental,DUNE,DUNE,D3,D3-A04,0,0,0,0,0,0,0,NA,1
104,DUNE,2,A,O14,Parental,DUNE,DUNE,D3,D3-A03,1,1,1,1,1,0,298,1,0
105,DUNE,2,A,O33,Parental,DUNE,DUNE,D1,D1-A03,1,1,1,1,1,1,260,0,1
106,DUNE,2,B,B39,Parental,DUNE,DUNE,D3,D3-A05,1,0,1,0,0,0,89,0,1
107,DUNE,2,B,C27,Parental,DUNE,DUNE,D1,D1-A32,1,1,1,1,1,0,250,0,1
108,DUNE,2,B,E05,Parental,DUNE,DUNE,D3,D3-A21,1,1,1,1,1,0,224,0,1
109,DUNE,2,B,F03,Parental,DUNE,DUNE,D0,D0-29,0,0,0,0,0,0,0,NA,1
110,DUNE,2,B,F23,Parental,DUNE,DUNE,D3,D3-A12,0,0,0,0,0,0,0,NA,1
111,DUNE,2,B,G09,Parental,DUNE,DUNE,D0,D0-42,1,1,1,1,1,0,310,1,0
112,DUNE,2,B,G12,Parental,DUNE,DUNE,D1,D1-A20,1,1,1,1,1,1,308,1,0
113,DUNE,2,B,G15,Parental,DUNE,DUNE,D3,D3-A20,0,0,0,0,0,0,0,NA,1
114,DUNE,2,B,G17,Parental,DUNE,DUNE,D3,D3-A23,1,1,1,0,0,0,26,0,1
115,DUNE,2,B,G37,Parental,DUNE,DUNE,D0,D0-30,1,0,0,0,0,0,22,0,1
116,DUNE,2,B,H03,Parental,DUNE,DUNE,D3,D3-A02,0,0,0,0,0,0,0,NA,1
117,DUNE,2,B,H06,Parental,DUNE,DUNE,D1,D1-A12,1,1,1,1,0,0,197,0,1
118,DUNE,2,B,H11,Parental,DUNE,DUNE,D1,D1-A16,1,1,1,0,0,0,114,0,1
119,DUNE,2,B,H27,Parental,DUNE,DUNE,D0,D0-31,1,1,1,1,1,0,308,1,0
120,DUNE,2,B,I01,Parental,DUNE,DUNE,D0,D0-49,1,1,1,1,0,0,183,0,1
121,DUNE,2,B,I03,Parental,DUNE,DUNE,D0,D0-34,1,1,1,1,1,0,306,1,0
122,DUNE,2,B,J21,Parental,DUNE,DUNE,D1,D1-A17,1,0,0,0,0,0,5,0,1
123,DUNE,2,B,J39,Parental,DUNE,DUNE,D1,D1-A33,1,1,1,1,1,0,239,0,1
124,DUNE,2,B,L26,Parental,DUNE,DUNE,D1,D1-A04,0,0,0,0,0,0,0,NA,1
125,DUNE,2,B,L40,Parental,DUNE,DUNE,D0,D0-41,1,1,1,0,0,0,114,0,1
126,DUNE,2,B,M23,Parental,DUNE,DUNE,D1,D1-A27,1,1,1,1,0,0,240,1,0
127,DUNE,2,B,M26,Parental,DUNE,DUNE,D3,D3-A11,0,0,0,0,0,0,0,NA,1
128,DUNE,2,B,M37,Parental,DUNE,DUNE,D1,D1-A13,1,1,1,1,0,0,214,0,1
129,DUNE,2,B,N03,Parental,DUNE,DUNE,D0,D0-53,1,1,1,1,1,0,233,0,1
130,DUNE,2,B,N12,Parental,DUNE,DUNE,D1,D1-A15,1,1,1,1,0,0,219,0,1
131,DUNE,2,B,N27,Parental,DUNE,DUNE,D1,D1-A24,0,0,0,0,0,0,0,NA,1
132,DUNE,2,B,O15,Parental,DUNE,DUNE,D0,D0-39,1,1,1,1,0,0,256,0,1
133,DUNE,2,C,A12,Parental,DUNE,DUNE,D0,D0-43,1,1,1,1,1,0,308,1,0
134,DUNE,2,C,A35,Parental,DUNE,DUNE,D1,D1-A19,1,1,1,1,0,0,154,0,1
135,DUNE,2,C,B10,Parental,DUNE,DUNE,D3,D3-A17,0,0,0,0,0,0,0,NA,1
136,DUNE,2,C,B20,Parental,DUNE,DUNE,D3,D3-A31,1,1,1,1,1,0,283,1,0
137,DUNE,2,C,D26,Parental,DUNE,DUNE,D3,D3-A25,1,1,1,0,0,0,75,0,1
138,DUNE,2,C,D30,Parental,DUNE,DUNE,D0,D0-44,1,1,1,1,1,0,222,0,1
139,DUNE,2,C,E03,Parental,DUNE,DUNE,D3,D3-A27,0,0,0,0,0,0,0,NA,1
140,DUNE,2,C,F12,Parental,DUNE,DUNE,D3,D3-A01,0,0,0,0,0,0,0,NA,1
141,DUNE,2,C,F13,Parental,DUNE,DUNE,D3,D3-A18,1,1,1,0,0,0,114,0,1
142,DUNE,2,C,G14,Parental,DUNE,DUNE,D3,D3-A07,0,0,0,0,0,0,0,NA,1
143,DUNE,2,C,G25,Parental,DUNE,DUNE,D1,D1-A01,1,1,1,1,1,0,306,1,0
144,DUNE,2,C,G28,Parental,DUNE,DUNE,D0,D0-52,0,0,0,0,0,0,0,NA,1
145,DUNE,2,C,H30,Parental,DUNE,DUNE,D1,D1-A22,1,1,1,1,0,0,219,0,1
146,DUNE,2,C,H40,Parental,DUNE,DUNE,D3,D3-A19,0,0,0,0,0,0,0,NA,1
147,DUNE,2,C,I03,Parental,DUNE,DUNE,D3,D3-A14,0,0,0,0,0,0,0,NA,1
148,DUNE,2,C,I04,Parental,DUNE,DUNE,D3,D3-A28,0,0,0,0,0,0,0,NA,1
149,DUNE,2,C,I08,Parental,DUNE,DUNE,D1,D1-AX,0,0,0,0,0,0,0,NA,1
150,DUNE,2,C,I36,Parental,DUNE,DUNE,D1,D1-A02,0,0,0,0,0,0,0,NA,1
151,DUNE,2,C,J02,Parental,DUNE,DUNE,D1,D1-A30,1,1,1,1,1,0,289,1,0
152,DUNE,2,C,J10,Parental,DUNE,DUNE,D3,D3-A22,1,1,1,0,0,0,143,0,1
153,DUNE,2,C,J32,Parental,DUNE,DUNE,D1,D1-A28,0,0,0,0,0,0,0,NA,1
154,DUNE,2,C,L14,Parental,DUNE,DUNE,D1,D1-A10,0,0,0,0,0,0,0,NA,1
155,DUNE,2,C,L36,Parental,DUNE,DUNE,D0,D0-55,1,1,1,1,1,0,260,0,1
156,DUNE,2,C,M03,Parental,DUNE,DUNE,D0,D0-40,0,0,0,0,0,0,0,NA,1
157,DUNE,2,C,N39,Parental,DUNE,DUNE,D3,D3-A08,1,1,1,1,1,1,256,0,1
158,DUNE,2,C,O13,Parental,DUNE,DUNE,D1,D1-A05,1,1,1,1,1,0,300,1,0
159,DUNE,2,C,O15,Parental,DUNE,DUNE,D0,D0-47,1,1,1,1,1,1,258,0,1
160,DUNE,3,A,B10,Parental,DUNE,DUNE,D1,D1-A23,0,0,0,0,0,0,0,NA,1
161,DUNE,3,A,B34,Parental,DUNE,DUNE,D0,D0-48,1,1,1,1,1,0,310,1,0
162,DUNE,3,A,C33,Parental,DUNE,DUNE,D0,D0-51,1,1,1,1,1,0,310,1,0
163,DUNE,3,A,D02,Parental,DUNE,DUNE,D3,D3-A24,1,1,1,1,1,0,300,1,0
164,DUNE,3,A,D04,Parental,DUNE,DUNE,D0,D0-54,0,0,0,0,0,0,0,NA,1
165,DUNE,3,A,E12,Parental,DUNE,DUNE,D1,D1-A14,0,0,0,0,0,0,0,NA,1
166,DUNE,3,A,F14,Parental,DUNE,DUNE,D1,D1-AY,1,1,1,0,0,0,172,0,1
167,DUNE,3,A,G30,Parental,DUNE,DUNE,D3,D3-A10,0,0,0,0,0,0,0,NA,1
168,DUNE,3,A,G31,Parental,DUNE,DUNE,D1,D1-A08,1,1,1,1,1,0,308,1,0
169,DUNE,3,A,G35,Parental,DUNE,DUNE,D1,D1-A07,0,0,0,0,0,0,0,NA,1
170,DUNE,3,A,H34,Parental,DUNE,DUNE,D0,D0-38,1,1,1,1,1,0,310,1,0
171,DUNE,3,A,H35,Parental,DUNE,DUNE,D0,D0-36,1,1,1,0,0,0,143,0,1
172,DUNE,3,A,H37,Parental,DUNE,DUNE,D3,D3-A26,0,0,0,0,0,0,0,NA,1
173,DUNE,3,A,H40,Parental,DUNE,DUNE,D1,D1-A29,0,0,0,0,0,0,0,NA,1
174,DUNE,3,A,J03,Parental,DUNE,DUNE,D0,D0-27,0,0,0,0,0,0,0,NA,1
175,DUNE,3,A,J29,Parental,DUNE,DUNE,D1,D1-A11,1,1,1,1,1,0,248,0,1
176,DUNE,3,A,J30,Parental,DUNE,DUNE,D0,D0-37,0,0,0,0,0,0,0,NA,1
177,DUNE,3,A,K08,Parental,DUNE,DUNE,D1,D1-A09,1,1,1,1,1,0,289,1,0
178,DUNE,3,A,K20,Parental,DUNE,DUNE,D1,D1-A06,1,1,1,1,1,0,302,1,0
179,DUNE,3,A,K31,Parental,DUNE,DUNE,D3,D3-A13,1,1,1,1,1,0,300,1,0
180,DUNE,3,A,L04,Parental,DUNE,DUNE,D0,D0-28,1,1,1,1,1,0,289,1,0
181,DUNE,3,A,N24,Parental,DUNE,DUNE,D0,D0-46,1,0,0,0,0,0,9,0,1
182,DUNE,3,A,O01,Parental,DUNE,DUNE,D3,D3-A04,1,1,1,1,1,1,306,1,0
183,DUNE,3,A,O14,Parental,DUNE,DUNE,D3,D3-A03,0,0,0,0,0,0,0,NA,1
184,DUNE,3,A,O33,Parental,DUNE,DUNE,D1,D1-A03,1,1,1,1,1,0,310,1,0
185,DUNE,3,B,B39,Parental,DUNE,DUNE,D3,D3-A05,1,1,1,1,1,1,308,1,0
186,DUNE,3,B,C27,Parental,DUNE,DUNE,D1,D1-A32,0,0,0,0,0,0,0,NA,1
187,DUNE,3,B,E05,Parental,DUNE,DUNE,D3,D3-A21,0,0,0,0,0,0,0,NA,1
188,DUNE,3,B,F03,Parental,DUNE,DUNE,D0,D0-29,0,0,0,0,0,0,0,NA,1
189,DUNE,3,B,F23,Parental,DUNE,DUNE,D3,D3-A12,1,0,1,0,0,0,89,0,1
190,DUNE,3,B,G09,Parental,DUNE,DUNE,D0,D0-42,1,1,1,1,1,0,256,0,1
191,DUNE,3,B,G12,Parental,DUNE,DUNE,D1,D1-A20,1,1,1,1,1,0,308,1,0
192,DUNE,3,B,G15,Parental,DUNE,DUNE,D3,D3-A20,1,1,1,1,1,1,260,0,1
193,DUNE,3,B,G17,Parental,DUNE,DUNE,D3,D3-A23,1,1,1,1,1,0,310,1,0
194,DUNE,3,B,G37,Parental,DUNE,DUNE,D0,D0-30,1,1,1,1,1,1,308,1,0
195,DUNE,3,B,H03,Parental,DUNE,DUNE,D3,D3-A02,1,1,1,1,1,0,269,1,0
196,DUNE,3,B,H06,Parental,DUNE,DUNE,D1,D1-A12,1,1,1,0,0,0,114,0,1
197,DUNE,3,B,H11,Parental,DUNE,DUNE,D1,D1-A16,1,1,1,0,0,0,114,0,1
198,DUNE,3,B,H27,Parental,DUNE,DUNE,D0,D0-31,1,1,1,1,1,0,310,1,0
199,DUNE,3,B,I01,Parental,DUNE,DUNE,D0,D0-49,0,0,0,0,0,0,0,NA,1
200,DUNE,3,B,I03,Parental,DUNE,DUNE,D0,D0-34,1,1,1,1,1,1,308,1,0
201,DUNE,3,B,J21,Parental,DUNE,DUNE,D1,D1-A17,1,1,1,0,0,0,75,0,1
202,DUNE,3,B,J39,Parental,DUNE,DUNE,D1,D1-A33,1,1,1,1,1,0,248,0,1
203,DUNE,3,B,L26,Parental,DUNE,DUNE,D1,D1-A04,0,0,0,0,0,0,0,NA,1
204,DUNE,3,B,L40,Parental,DUNE,DUNE,D0,D0-41,1,1,1,1,1,1,308,1,0
205,DUNE,3,B,M23,Parental,DUNE,DUNE,D1,D1-A27,0,0,0,0,0,0,0,NA,1
206,DUNE,3,B,M26,Parental,DUNE,DUNE,D3,D3-A11,1,1,1,1,1,1,310,1,0
207,DUNE,3,B,M37,Parental,DUNE,DUNE,D1,D1-A13,0,0,0,0,0,0,0,NA,1
208,DUNE,3,B,N03,Parental,DUNE,DUNE,D0,D0-53,1,1,1,1,1,0,298,1,0
209,DUNE,3,B,N12,Parental,DUNE,DUNE,D1,D1-A15,0,0,0,0,0,0,0,NA,1
210,DUNE,3,B,N27,Parental,DUNE,DUNE,D1,D1-A24,1,1,1,1,1,1,304,1,0
211,DUNE,3,B,O15,Parental,DUNE,DUNE,D0,D0-39,1,1,1,1,1,0,258,0,1
212,DUNE,3,C,A12,Parental,DUNE,DUNE,D0,D0-43,1,1,1,0,0,0,114,0,1
213,DUNE,3,C,A35,Parental,DUNE,DUNE,D1,D1-A19,0,0,0,0,0,0,0,NA,1
214,DUNE,3,C,B10,Parental,DUNE,DUNE,D3,D3-A17,1,1,1,1,1,1,258,0,1
215,DUNE,3,C,B20,Parental,DUNE,DUNE,D3,D3-A31,1,1,1,1,0,0,269,1,0
216,DUNE,3,C,D26,Parental,DUNE,DUNE,D3,D3-A25,1,1,1,1,1,0,240,1,0
217,DUNE,3,C,D30,Parental,DUNE,DUNE,D0,D0-44,0,0,0,0,0,0,0,NA,1
218,DUNE,3,C,E03,Parental,DUNE,DUNE,D3,D3-A27,0,0,0,0,0,0,0,NA,1
219,DUNE,3,C,F12,Parental,DUNE,DUNE,D3,D3-A01,0,0,0,0,0,0,0,NA,1
220,DUNE,3,C,F13,Parental,DUNE,DUNE,D3,D3-A18,1,1,1,1,1,0,183,0,1
221,DUNE,3,C,G14,Parental,DUNE,DUNE,D3,D3-A07,0,0,0,0,0,0,0,NA,1
222,DUNE,3,C,G25,Parental,DUNE,DUNE,D1,D1-A01,0,0,0,0,0,0,0,NA,1
223,DUNE,3,C,G28,Parental,DUNE,DUNE,D0,D0-52,1,0,0,0,0,0,26,0,1
224,DUNE,3,C,H30,Parental,DUNE,DUNE,D1,D1-A22,1,1,1,1,1,0,269,1,0
225,DUNE,3,C,H40,Parental,DUNE,DUNE,D3,D3-A19,0,0,0,0,0,0,0,NA,1
226,DUNE,3,C,I03,Parental,DUNE,DUNE,D3,D3-A14,0,0,0,0,0,0,0,NA,1
227,DUNE,3,C,I04,Parental,DUNE,DUNE,D3,D3-A28,1,1,1,1,1,1,310,1,0
228,DUNE,3,C,I08,Parental,DUNE,DUNE,D1,D1-AX,1,1,1,0,0,0,114,0,1
229,DUNE,3,C,I36,Parental,DUNE,DUNE,D1,D1-A02,1,1,1,0,0,0,124,0,1
230,DUNE,3,C,J02,Parental,DUNE,DUNE,D1,D1-A30,1,1,1,0,0,0,114,0,1
231,DUNE,3,C,J10,Parental,DUNE,DUNE,D3,D3-A22,0,0,0,0,0,0,0,NA,1
232,DUNE,3,C,J32,Parental,DUNE,DUNE,D1,D1-A28,1,1,1,1,1,0,289,1,0
233,DUNE,3,C,L08,Parental,DUNE,DUNE,D0,D0-50,1,1,1,1,1,1,304,1,0
234,DUNE,3,C,L14,Parental,DUNE,DUNE,D1,D1-A10,0,0,0,0,0,0,0,NA,1
235,DUNE,3,C,L36,Parental,DUNE,DUNE,D0,D0-55,1,1,1,1,1,1,308,1,0
236,DUNE,3,C,M03,Parental,DUNE,DUNE,D0,D0-40,0,0,0,0,0,0,0,NA,1
237,DUNE,3,C,N39,Parental,DUNE,DUNE,D3,D3-A08,1,0,0,0,0,0,40,0,1
238,DUNE,3,C,O13,Parental,DUNE,DUNE,D1,D1-A05,1,1,1,1,1,1,269,1,0
239,DUNE,3,C,O15,Parental,DUNE,DUNE,D0,D0-47,1,0,0,0,0,0,11,0,1
240,DUNE,4,A,B10,Parental,DUNE,DUNE,D1,D1-A23,1,1,1,0,0,0,143,0,1
241,DUNE,4,A,B34,Parental,DUNE,DUNE,D0,D0-48,1,1,1,1,0,0,289,1,0
242,DUNE,4,A,C33,Parental,DUNE,DUNE,D0,D0-51,0,0,0,0,0,0,0,NA,1
243,DUNE,4,A,D02,Parental,DUNE,DUNE,D3,D3-A24,0,0,0,0,0,0,0,NA,1
244,DUNE,4,A,D04,Parental,DUNE,DUNE,D0,D0-54,0,0,0,0,0,0,0,NA,1
245,DUNE,4,A,E12,Parental,DUNE,DUNE,D1,D1-A14,1,1,1,1,0,0,203,0,1
246,DUNE,4,A,F14,Parental,DUNE,DUNE,D1,D1-AY,1,1,1,0,0,0,157,0,1
247,DUNE,4,A,G30,Parental,DUNE,DUNE,D3,D3-A10,1,1,1,1,0,0,154,0,1
248,DUNE,4,A,G31,Parental,DUNE,DUNE,D1,D1-A08,0,0,0,0,0,0,0,NA,1
249,DUNE,4,A,G35,Parental,DUNE,DUNE,D1,D1-A07,1,1,1,0,0,0,143,0,1
250,DUNE,4,A,H34,Parental,DUNE,DUNE,D0,D0-38,0,0,0,0,0,0,0,NA,1
251,DUNE,4,A,H35,Parental,DUNE,DUNE,D0,D0-36,1,1,1,1,1,0,308,1,0
252,DUNE,4,A,H37,Parental,DUNE,DUNE,D3,D3-A26,0,0,0,0,0,0,0,NA,1
253,DUNE,4,A,H40,Parental,DUNE,DUNE,D1,D1-A29,1,1,1,1,1,0,283,1,0
254,DUNE,4,A,J03,Parental,DUNE,DUNE,D0,D0-27,1,1,1,1,1,1,308,1,0
255,DUNE,4,A,J29,Parental,DUNE,DUNE,D1,D1-A11,1,0,0,0,0,0,1,0,1
256,DUNE,4,A,J30,Parental,DUNE,DUNE,D0,D0-37,1,1,1,1,0,0,197,0,1
257,DUNE,4,A,K08,Parental,DUNE,DUNE,D1,D1-A09,1,1,1,0,0,0,163,0,1
258,DUNE,4,A,K20,Parental,DUNE,DUNE,D1,D1-A06,0,0,0,0,0,0,0,NA,1
259,DUNE,4,A,K31,Parental,DUNE,DUNE,D3,D3-A13,0,0,0,0,0,0,0,NA,1
260,DUNE,4,A,L04,Parental,DUNE,DUNE,D0,D0-28,1,1,1,0,0,0,157,0,1
261,DUNE,4,A,N24,Parental,DUNE,DUNE,D0,D0-46,1,1,1,1,1,0,308,1,0
262,DUNE,4,A,O01,Parental,DUNE,DUNE,D3,D3-A04,1,1,1,0,0,0,26,0,1
263,DUNE,4,A,O14,Parental,DUNE,DUNE,D3,D3-A03,1,1,1,0,0,0,143,0,1
264,DUNE,4,A,O33,Parental,DUNE,DUNE,D1,D1-A03,1,1,1,0,0,0,143,0,1
265,DUNE,4,B,B39,Parental,DUNE,DUNE,D3,D3-A05,0,0,0,0,0,0,0,NA,1
266,DUNE,4,B,C27,Parental,DUNE,DUNE,D1,D1-A32,1,1,1,1,1,0,298,1,0
267,DUNE,4,B,E05,Parental,DUNE,DUNE,D3,D3-A21,0,0,0,0,0,0,0,NA,1
268,DUNE,4,B,F03,Parental,DUNE,DUNE,D0,D0-29,1,1,1,1,1,0,304,1,0
269,DUNE,4,B,F23,Parental,DUNE,DUNE,D3,D3-A12,1,1,1,1,1,0,298,1,0
270,DUNE,4,B,G09,Parental,DUNE,DUNE,D0,D0-42,1,1,1,1,1,0,306,1,0
271,DUNE,4,B,G12,Parental,DUNE,DUNE,D1,D1-A20,1,1,1,1,0,0,254,0,1
272,DUNE,4,B,G15,Parental,DUNE,DUNE,D3,D3-A20,1,1,1,1,1,1,308,1,0
273,DUNE,4,B,G17,Parental,DUNE,DUNE,D3,D3-A23,1,1,1,1,1,0,310,1,0
274,DUNE,4,B,G37,Parental,DUNE,DUNE,D0,D0-30,0,0,0,0,0,0,0,NA,1
275,DUNE,4,B,H03,Parental,DUNE,DUNE,D3,D3-A02,1,1,1,1,1,0,304,1,0
276,DUNE,4,B,H06,Parental,DUNE,DUNE,D1,D1-A12,1,1,1,1,1,0,248,0,1
277,DUNE,4,B,H11,Parental,DUNE,DUNE,D1,D1-A16,1,1,1,0,0,0,143,0,1
278,DUNE,4,B,H27,Parental,DUNE,DUNE,D0,D0-31,0,0,0,0,0,0,0,NA,1
279,DUNE,4,B,I01,Parental,DUNE,DUNE,D0,D0-49,1,1,1,1,1,0,300,1,0
280,DUNE,4,B,I03,Parental,DUNE,DUNE,D0,D0-34,0,0,0,0,0,0,0,NA,1
281,DUNE,4,B,J21,Parental,DUNE,DUNE,D1,D1-A17,1,1,1,1,0,0,220,0,1
282,DUNE,4,B,J39,Parental,DUNE,DUNE,D1,D1-A33,1,1,1,1,1,0,289,1,0
283,DUNE,4,B,L26,Parental,DUNE,DUNE,D1,D1-A04,1,1,1,1,1,0,304,1,0
284,DUNE,4,B,L40,Parental,DUNE,DUNE,D0,D0-41,1,1,1,1,1,0,289,1,0
285,DUNE,4,B,M23,Parental,DUNE,DUNE,D1,D1-A27,1,1,1,1,1,0,298,1,0
286,DUNE,4,B,M26,Parental,DUNE,DUNE,D3,D3-A11,1,1,1,1,1,1,306,1,0
287,DUNE,4,B,M37,Parental,DUNE,DUNE,D1,D1-A13,1,1,1,1,0,0,239,0,1
288,DUNE,4,B,N03,Parental,DUNE,DUNE,D0,D0-53,1,1,1,1,1,0,304,1,0
289,DUNE,4,B,N12,Parental,DUNE,DUNE,D1,D1-A15,1,1,1,1,1,0,289,1,0
290,DUNE,4,B,N27,Parental,DUNE,DUNE,D1,D1-A24,1,1,1,1,1,1,300,1,0
291,DUNE,4,B,O15,Parental,DUNE,DUNE,D0,D0-39,1,1,1,1,1,1,289,1,0
292,DUNE,4,C,A12,Parental,DUNE,DUNE,D0,D0-43,1,0,0,0,0,0,7,0,1
293,DUNE,4,C,A35,Parental,DUNE,DUNE,D1,D1-A19,1,1,1,1,1,0,239,0,1
294,DUNE,4,C,B10,Parental,DUNE,DUNE,D3,D3-A17,0,0,0,0,0,0,0,NA,1
295,DUNE,4,C,B20,Parental,DUNE,DUNE,D3,D3-A31,1,1,1,1,0,0,154,0,1
296,DUNE,4,C,D26,Parental,DUNE,DUNE,D3,D3-A25,0,0,0,0,0,0,0,NA,1
297,DUNE,4,C,D30,Parental,DUNE,DUNE,D0,D0-44,1,1,1,0,0,0,143,0,1
298,DUNE,4,C,E03,Parental,DUNE,DUNE,D3,D3-A27,1,1,1,0,0,0,114,0,1
299,DUNE,4,C,F12,Parental,DUNE,DUNE,D3,D3-A01,0,0,0,0,0,0,0,NA,1
300,DUNE,4,C,F13,Parental,DUNE,DUNE,D3,D3-A18,1,1,1,1,0,0,190,0,1
301,DUNE,4,C,G14,Parental,DUNE,DUNE,D3,D3-A07,1,1,1,0,0,0,114,0,1
302,DUNE,4,C,G25,Parental,DUNE,DUNE,D1,D1-A01,1,1,1,1,1,0,306,1,0
303,DUNE,4,C,G28,Parental,DUNE,DUNE,D0,D0-52,1,1,1,1,1,0,306,1,0
304,DUNE,4,C,H30,Parental,DUNE,DUNE,D1,D1-A22,1,1,1,0,0,0,143,0,1
305,DUNE,4,C,H40,Parental,DUNE,DUNE,D3,D3-A19,0,0,0,0,0,0,0,NA,1
306,DUNE,4,C,I03,Parental,DUNE,DUNE,D3,D3-A14,0,0,0,0,0,0,0,NA,1
307,DUNE,4,C,I04,Parental,DUNE,DUNE,D3,D3-A28,1,1,1,1,1,0,269,1,0
308,DUNE,4,C,I08,Parental,DUNE,DUNE,D1,D1-AX,1,1,1,1,1,0,269,1,0
309,DUNE,4,C,I36,Parental,DUNE,DUNE,D1,D1-A02,1,1,1,1,1,1,306,1,0
310,DUNE,4,C,J02,Parental,DUNE,DUNE,D1,D1-A30,1,1,1,1,1,0,304,1,0
311,DUNE,4,C,J10,Parental,DUNE,DUNE,D3,D3-A22,1,1,1,1,1,0,269,1,0
312,DUNE,4,C,J32,Parental,DUNE,DUNE,D1,D1-A28,0,0,0,0,0,0,0,NA,1
313,DUNE,4,C,L08,Parental,DUNE,DUNE,D0,D0-50,1,0,0,0,0,0,5,0,1
314,DUNE,4,C,L14,Parental,DUNE,DUNE,D1,D1-A10,1,1,1,1,0,0,219,0,1
315,DUNE,4,C,L36,Parental,DUNE,DUNE,D0,D0-55,0,0,0,0,0,0,0,NA,1
316,DUNE,4,C,M03,Parental,DUNE,DUNE,D0,D0-40,0,0,0,0,0,0,0,NA,1
317,DUNE,4,C,N39,Parental,DUNE,DUNE,D3,D3-A08,1,1,1,1,1,0,219,0,1
318,DUNE,4,C,O13,Parental,DUNE,DUNE,D1,D1-A05,1,1,1,1,1,0,283,1,0
319,DUNE,4,C,O15,Parental,DUNE,DUNE,D0,D0-47,1,0,0,0,0,0,7,0,1
320,DUNE,5,A,B10,Parental,DUNE,DUNE,D1,D1-A23,1,1,1,0,0,0,104,0,1
321,DUNE,5,A,B34,Parental,DUNE,DUNE,D0,D0-48,0,0,0,0,0,0,0,NA,1
322,DUNE,5,A,C33,Parental,DUNE,DUNE,D0,D0-51,1,1,1,1,1,0,310,1,0
323,DUNE,5,A,D02,Parental,DUNE,DUNE,D3,D3-A24,1,1,1,1,1,0,240,1,0
324,DUNE,5,A,D04,Parental,DUNE,DUNE,D0,D0-54,1,1,1,1,1,0,308,1,0
325,DUNE,5,A,E12,Parental,DUNE,DUNE,D1,D1-A14,1,0,0,0,0,0,11,0,1
326,DUNE,5,A,F14,Parental,DUNE,DUNE,D1,D1-AY,1,1,1,0,0,0,75,0,1
327,DUNE,5,A,G30,Parental,DUNE,DUNE,D3,D3-A10,0,0,0,0,0,0,0,NA,1
328,DUNE,5,A,G31,Parental,DUNE,DUNE,D1,D1-A08,1,1,1,0,0,0,163,0,1
329,DUNE,5,A,G35,Parental,DUNE,DUNE,D1,D1-A07,1,0,0,0,0,0,1,0,1
330,DUNE,5,A,H34,Parental,DUNE,DUNE,D0,D0-38,1,1,1,1,1,0,308,1,0
331,DUNE,5,A,H35,Parental,DUNE,DUNE,D0,D0-36,1,1,1,1,1,0,306,1,0
332,DUNE,5,A,H37,Parental,DUNE,DUNE,D3,D3-A26,1,1,1,0,0,0,75,0,1
333,DUNE,5,A,H40,Parental,DUNE,DUNE,D1,D1-A29,1,1,1,0,0,0,143,0,1
334,DUNE,5,A,J03,Parental,DUNE,DUNE,D0,D0-27,1,1,1,0,0,0,178,0,1
335,DUNE,5,A,J29,Parental,DUNE,DUNE,D1,D1-A11,1,1,1,1,1,0,306,1,0
336,DUNE,5,A,J30,Parental,DUNE,DUNE,D0,D0-37,1,1,1,0,0,0,157,0,1
337,DUNE,5,A,K08,Parental,DUNE,DUNE,D1,D1-A09,1,1,1,1,0,0,219,0,1
338,DUNE,5,A,K20,Parental,DUNE,DUNE,D1,D1-A06,1,1,1,0,0,0,163,0,1
339,DUNE,5,A,K31,Parental,DUNE,DUNE,D3,D3-A13,1,1,1,1,1,0,312,1,0
340,DUNE,5,A,L04,Parental,DUNE,DUNE,D0,D0-28,1,0,0,0,0,0,38,0,1
341,DUNE,5,A,N24,Parental,DUNE,DUNE,D0,D0-46,1,1,1,1,1,0,306,1,0
342,DUNE,5,A,O01,Parental,DUNE,DUNE,D3,D3-A04,0,0,0,0,0,0,0,NA,1
343,DUNE,5,A,O14,Parental,DUNE,DUNE,D3,D3-A03,0,0,0,0,0,0,0,NA,1
344,DUNE,5,A,O33,Parental,DUNE,DUNE,D1,D1-A03,1,1,1,1,1,0,306,1,0
345,DUNE,5,B,B39,Parental,DUNE,DUNE,D3,D3-A05,1,1,1,1,0,0,190,0,1
346,DUNE,5,B,C27,Parental,DUNE,DUNE,D1,D1-A32,1,0,0,0,0,0,1,0,1
347,DUNE,5,B,E05,Parental,DUNE,DUNE,D3,D3-A21,0,0,0,0,0,0,0,NA,1
348,DUNE,5,B,F03,Parental,DUNE,DUNE,D0,D0-29,1,1,1,1,1,0,308,1,0
349,DUNE,5,B,F23,Parental,DUNE,DUNE,D3,D3-A12,1,1,1,0,0,0,114,0,1
350,DUNE,5,B,G09,Parental,DUNE,DUNE,D0,D0-42,0,0,0,0,0,0,0,NA,1
351,DUNE,5,B,G12,Parental,DUNE,DUNE,D1,D1-A20,1,1,1,0,0,0,143,0,1
352,DUNE,5,B,G15,Parental,DUNE,DUNE,D3,D3-A20,1,1,1,1,1,0,304,1,0
353,DUNE,5,B,G17,Parental,DUNE,DUNE,D3,D3-A23,1,1,1,1,1,0,310,1,0
354,DUNE,5,B,G37,Parental,DUNE,DUNE,D0,D0-30,1,1,1,1,1,0,308,1,0
355,DUNE,5,B,H03,Parental,DUNE,DUNE,D3,D3-A02,1,1,1,0,0,0,178,0,1
356,DUNE,5,B,H06,Parental,DUNE,DUNE,D1,D1-A12,1,1,1,0,0,0,114,0,1
357,DUNE,5,B,H11,Parental,DUNE,DUNE,D1,D1-A16,1,1,1,0,0,0,124,0,1
358,DUNE,5,B,H27,Parental,DUNE,DUNE,D0,D0-31,1,1,1,1,0,0,254,0,1
359,DUNE,5,B,I01,Parental,DUNE,DUNE,D0,D0-49,1,1,1,0,0,0,172,0,1
360,DUNE,5,B,I03,Parental,DUNE,DUNE,D0,D0-34,0,0,0,0,0,0,0,NA,1
361,DUNE,5,B,J21,Parental,DUNE,DUNE,D1,D1-A17,1,1,1,1,1,0,308,1,0
362,DUNE,5,B,J39,Parental,DUNE,DUNE,D1,D1-A33,0,0,0,0,0,0,0,NA,1
363,DUNE,5,B,L26,Parental,DUNE,DUNE,D1,D1-A04,1,1,1,1,1,0,308,1,0
364,DUNE,5,B,L40,Parental,DUNE,DUNE,D0,D0-41,1,0,0,0,0,0,14,0,1
365,DUNE,5,B,M23,Parental,DUNE,DUNE,D1,D1-A27,1,1,0,0,0,0,30,0,1
366,DUNE,5,B,M26,Parental,DUNE,DUNE,D3,D3-A11,0,0,0,0,0,0,0,NA,1
367,DUNE,5,B,M37,Parental,DUNE,DUNE,D1,D1-A13,1,1,1,0,0,0,143,0,1
368,DUNE,5,B,N03,Parental,DUNE,DUNE,D0,D0-53,1,1,1,1,0,0,258,0,1
369,DUNE,5,B,N12,Parental,DUNE,DUNE,D1,D1-A15,1,1,1,1,1,0,289,1,0
370,DUNE,5,B,N27,Parental,DUNE,DUNE,D1,D1-A24,1,1,1,0,0,0,143,0,1
371,DUNE,5,B,O15,Parental,DUNE,DUNE,D0,D0-39,1,1,1,1,0,0,254,0,1
372,DUNE,5,C,A12,Parental,DUNE,DUNE,D0,D0-43,1,1,1,1,1,0,308,1,0
373,DUNE,5,C,A35,Parental,DUNE,DUNE,D1,D1-A19,1,1,1,1,0,0,269,1,0
374,DUNE,5,C,B10,Parental,DUNE,DUNE,D3,D3-A17,1,1,1,1,1,0,310,1,0
375,DUNE,5,C,B20,Parental,DUNE,DUNE,D3,D3-A31,1,1,1,0,0,0,26,0,1
376,DUNE,5,C,D26,Parental,DUNE,DUNE,D3,D3-A25,0,0,0,0,0,0,0,NA,1
377,DUNE,5,C,D30,Parental,DUNE,DUNE,D0,D0-44,1,1,1,1,1,0,308,1,0
378,DUNE,5,C,E03,Parental,DUNE,DUNE,D3,D3-A27,1,1,1,0,0,0,26,0,1
379,DUNE,5,C,F12,Parental,DUNE,DUNE,D3,D3-A01,0,0,0,0,0,0,0,NA,1
380,DUNE,5,C,F13,Parental,DUNE,DUNE,D3,D3-A18,1,1,1,0,0,0,114,0,1
381,DUNE,5,C,G14,Parental,DUNE,DUNE,D3,D3-A07,1,1,1,0,0,0,114,0,1
382,DUNE,5,C,G25,Parental,DUNE,DUNE,D1,D1-A01,1,1,1,1,1,0,308,1,0
383,DUNE,5,C,G28,Parental,DUNE,DUNE,D0,D0-52,1,1,1,1,1,0,308,1,0
384,DUNE,5,C,H30,Parental,DUNE,DUNE,D1,D1-A22,1,1,1,1,1,0,304,1,0
385,DUNE,5,C,H40,Parental,DUNE,DUNE,D3,D3-A19,0,0,0,0,0,0,0,NA,1
386,DUNE,5,C,I03,Parental,DUNE,DUNE,D3,D3-A14,0,0,0,0,0,0,0,NA,1
387,DUNE,5,C,I04,Parental,DUNE,DUNE,D3,D3-A28,1,1,1,0,0,0,114,0,1
388,DUNE,5,C,I08,Parental,DUNE,DUNE,D1,D1-AX,0,0,0,0,0,0,0,NA,1
389,DUNE,5,C,I36,Parental,DUNE,DUNE,D1,D1-A02,1,1,1,1,1,0,298,1,0
390,DUNE,5,C,J02,Parental,DUNE,DUNE,D1,D1-A30,1,1,1,1,0,0,283,1,0
391,DUNE,5,C,J10,Parental,DUNE,DUNE,D3,D3-A22,1,1,1,0,0,0,26,0,1
392,DUNE,5,C,J32,Parental,DUNE,DUNE,D1,D1-A28,1,1,1,0,0,0,143,0,1
393,DUNE,5,C,L08,Parental,DUNE,DUNE,D0,D0-50,1,1,1,1,1,0,308,1,0
394,DUNE,5,C,L14,Parental,DUNE,DUNE,D1,D1-A10,0,0,0,0,0,0,0,NA,1
395,DUNE,5,C,L36,Parental,DUNE,DUNE,D0,D0-55,0,0,0,0,0,0,0,NA,1
396,DUNE,5,C,M03,Parental,DUNE,DUNE,D0,D0-40,0,0,0,0,0,0,0,NA,1
397,DUNE,5,C,N39,Parental,DUNE,DUNE,D3,D3-A08,1,1,1,1,1,0,269,1,0
398,DUNE,5,C,O13,Parental,DUNE,DUNE,D1,D1-A05,1,1,1,0,0,0,143,0,1
399,DUNE,5,C,O15,Parental,DUNE,DUNE,D0,D0-47,1,1,1,1,1,1,310,1,0
400,DUNE,6,A,B10,Parental,DUNE,DUNE,D1,D1-A23,1,1,1,1,0,0,219,0,1
401,DUNE,6,A,B34,Parental,DUNE,DUNE,D0,D0-48,0,0,0,0,0,0,0,NA,1
402,DUNE,6,A,C33,Parental,DUNE,DUNE,D0,D0-51,1,1,1,1,1,0,306,1,0
403,DUNE,6,A,D02,Parental,DUNE,DUNE,D3,D3-A24,1,1,1,1,0,0,154,0,1
404,DUNE,6,A,D04,Parental,DUNE,DUNE,D0,D0-54,1,1,1,0,0,0,96,0,1
405,DUNE,6,A,E12,Parental,DUNE,DUNE,D1,D1-A14,1,1,1,1,1,0,289,1,0
406,DUNE,6,A,F14,Parental,DUNE,DUNE,D1,D1-AY,1,1,1,1,0,0,190,0,1
407,DUNE,6,A,G30,Parental,DUNE,DUNE,D3,D3-A10,1,1,1,0,1,0,180,0,1
408,DUNE,6,A,G31,Parental,DUNE,DUNE,D1,D1-A08,1,1,1,1,1,0,304,1,0
409,DUNE,6,A,G35,Parental,DUNE,DUNE,D1,D1-A07,1,1,1,1,0,0,302,1,0
410,DUNE,6,A,H34,Parental,DUNE,DUNE,D0,D0-38,1,1,1,1,1,0,304,1,0
411,DUNE,6,A,H35,Parental,DUNE,DUNE,D0,D0-36,1,1,1,1,1,0,306,1,0
412,DUNE,6,A,H37,Parental,DUNE,DUNE,D3,D3-A26,0,0,0,0,0,0,0,NA,1
413,DUNE,6,A,H40,Parental,DUNE,DUNE,D1,D1-A29,1,1,1,1,1,0,269,1,0
414,DUNE,6,A,J03,Parental,DUNE,DUNE,D0,D0-27,1,1,1,0,0,0,114,0,1
415,DUNE,6,A,J29,Parental,DUNE,DUNE,D1,D1-A11,1,1,1,1,0,0,219,0,1
416,DUNE,6,A,J30,Parental,DUNE,DUNE,D0,D0-37,1,1,1,1,0,0,289,1,0
417,DUNE,6,A,K08,Parental,DUNE,DUNE,D1,D1-A09,1,1,1,0,0,0,143,0,1
418,DUNE,6,A,K20,Parental,DUNE,DUNE,D1,D1-A06,1,0,0,0,0,0,26,0,1
419,DUNE,6,A,K31,Parental,DUNE,DUNE,D3,D3-A13,1,1,1,1,1,0,300,1,0
420,DUNE,6,A,L04,Parental,DUNE,DUNE,D0,D0-28,0,0,0,0,0,0,0,NA,1
421,DUNE,6,A,N24,Parental,DUNE,DUNE,D0,D0-46,1,1,1,1,1,0,306,1,0
422,DUNE,6,A,O01,Parental,DUNE,DUNE,D3,D3-A04,1,1,1,1,1,0,219,0,1
423,DUNE,6,A,O14,Parental,DUNE,DUNE,D3,D3-A03,1,1,1,1,0,0,190,0,1
424,DUNE,6,A,O33,Parental,DUNE,DUNE,D1,D1-A03,1,1,1,1,1,0,289,1,0
425,DUNE,6,B,B39,Parental,DUNE,DUNE,D3,D3-A05,0,0,0,0,0,0,0,NA,1
426,DUNE,6,B,C27,Parental,DUNE,DUNE,D1,D1-A32,1,1,1,0,0,0,143,0,1
427,DUNE,6,B,E05,Parental,DUNE,DUNE,D3,D3-A21,1,1,1,0,0,0,143,0,1
428,DUNE,6,B,F03,Parental,DUNE,DUNE,D0,D0-29,1,1,1,1,1,1,308,1,0
429,DUNE,6,B,F23,Parental,DUNE,DUNE,D3,D3-A12,1,1,1,1,1,0,302,1,0
430,DUNE,6,B,G09,Parental,DUNE,DUNE,D0,D0-42,1,1,1,1,1,0,212,0,1
431,DUNE,6,B,G12,Parental,DUNE,DUNE,D1,D1-A20,1,1,1,1,0,0,298,1,0
432,DUNE,6,B,G15,Parental,DUNE,DUNE,D3,D3-A20,0,0,0,0,0,0,0,NA,1
433,DUNE,6,B,G17,Parental,DUNE,DUNE,D3,D3-A23,1,1,1,1,1,1,310,1,0
434,DUNE,6,B,G37,Parental,DUNE,DUNE,D0,D0-30,1,0,0,0,0,0,1,0,1
435,DUNE,6,B,H03,Parental,DUNE,DUNE,D3,D3-A02,1,1,1,0,0,0,75,0,1
436,DUNE,6,B,H06,Parental,DUNE,DUNE,D1,D1-A12,1,0,0,0,0,0,10,0,1
437,DUNE,6,B,H11,Parental,DUNE,DUNE,D1,D1-A16,0,0,0,0,0,0,0,NA,1
438,DUNE,6,B,H27,Parental,DUNE,DUNE,D0,D0-31,1,1,1,1,1,0,256,0,1
439,DUNE,6,B,I01,Parental,DUNE,DUNE,D0,D0-49,1,1,1,0,0,0,114,0,1
440,DUNE,6,B,I03,Parental,DUNE,DUNE,D0,D0-34,0,0,0,0,0,0,0,NA,1
441,DUNE,6,B,J21,Parental,DUNE,DUNE,D1,D1-A17,1,1,1,1,0,0,289,1,0
442,DUNE,6,B,J39,Parental,DUNE,DUNE,D1,D1-A33,1,1,1,0,0,0,143,0,1
443,DUNE,6,B,L26,Parental,DUNE,DUNE,D1,D1-A04,1,1,1,0,0,0,143,0,1
444,DUNE,6,B,L40,Parental,DUNE,DUNE,D0,D0-41,0,0,0,0,0,0,0,NA,1
445,DUNE,6,B,M23,Parental,DUNE,DUNE,D1,D1-A27,1,1,1,0,0,0,143,0,1
446,DUNE,6,B,M26,Parental,DUNE,DUNE,D3,D3-A11,0,0,0,0,0,0,0,NA,1
447,DUNE,6,B,M37,Parental,DUNE,DUNE,D1,D1-A13,1,1,1,1,0,0,219,0,1
448,DUNE,6,B,N03,Parental,DUNE,DUNE,D0,D0-53,0,0,0,0,0,0,0,NA,1
449,DUNE,6,B,N12,Parental,DUNE,DUNE,D1,D1-A15,0,0,0,0,0,0,0,NA,1
450,DUNE,6,B,N27,Parental,DUNE,DUNE,D1,D1-A24,1,0,0,0,0,0,1,0,1
451,DUNE,6,B,O15,Parental,DUNE,DUNE,D0,D0-39,1,1,1,1,0,0,220,0,1
452,DUNE,6,C,A12,Parental,DUNE,DUNE,D0,D0-43,1,1,1,1,1,1,306,1,0
453,DUNE,6,C,A35,Parental,DUNE,DUNE,D1,D1-A19,1,1,1,0,0,0,157,0,1
454,DUNE,6,C,B10,Parental,DUNE,DUNE,D3,D3-A17,1,1,1,0,0,0,114,0,1
455,DUNE,6,C,B20,Parental,DUNE,DUNE,D3,D3-A31,1,1,1,1,1,0,216,0,1
456,DUNE,6,C,D26,Parental,DUNE,DUNE,D3,D3-A25,0,0,0,0,0,0,0,NA,1
457,DUNE,6,C,D30,Parental,DUNE,DUNE,D0,D0-44,0,0,0,0,0,0,0,NA,1
458,DUNE,6,C,E03,Parental,DUNE,DUNE,D3,D3-A27,0,0,0,0,0,0,0,NA,1
459,DUNE,6,C,F12,Parental,DUNE,DUNE,D3,D3-A01,1,1,1,0,0,0,143,0,1
460,DUNE,6,C,F13,Parental,DUNE,DUNE,D3,D3-A18,1,1,1,1,1,1,308,1,0
461,DUNE,6,C,G14,Parental,DUNE,DUNE,D3,D3-A07,0,0,0,0,0,0,0,NA,1
462,DUNE,6,C,G25,Parental,DUNE,DUNE,D1,D1-A01,1,1,1,1,1,0,298,1,0
463,DUNE,6,C,G28,Parental,DUNE,DUNE,D0,D0-52,1,1,1,0,0,0,174,0,1
464,DUNE,6,C,H30,Parental,DUNE,DUNE,D1,D1-A22,1,1,1,0,0,0,143,0,1
465,DUNE,6,C,H40,Parental,DUNE,DUNE,D3,D3-A19,1,1,1,1,1,1,310,1,0
466,DUNE,6,C,I03,Parental,DUNE,DUNE,D3,D3-A14,0,0,0,0,0,0,0,NA,1
467,DUNE,6,C,I04,Parental,DUNE,DUNE,D3,D3-A28,1,1,1,0,0,0,75,0,1
468,DUNE,6,C,I08,Parental,DUNE,DUNE,D1,D1-AX,1,1,1,0,0,0,75,0,1
469,DUNE,6,C,I36,Parental,DUNE,DUNE,D1,D1-A02,1,1,1,1,0,0,239,0,1
470,DUNE,6,C,J02,Parental,DUNE,DUNE,D1,D1-A30,1,1,1,1,1,1,300,1,0
471,DUNE,6,C,J10,Parental,DUNE,DUNE,D3,D3-A22,1,1,1,0,0,0,143,0,1
472,DUNE,6,C,J32,Parental,DUNE,DUNE,D1,D1-A28,1,1,1,1,1,0,298,1,0
473,DUNE,6,C,L08,Parental,DUNE,DUNE,D0,D0-50,1,1,1,0,0,0,75,0,1
474,DUNE,6,C,L14,Parental,DUNE,DUNE,D1,D1-A10,0,0,0,0,0,0,0,NA,1
475,DUNE,6,C,L36,Parental,DUNE,DUNE,D0,D0-55,0,0,0,0,0,0,0,NA,1
476,DUNE,6,C,M03,Parental,DUNE,DUNE,D0,D0-40,1,1,1,1,1,0,306,1,0
477,DUNE,6,C,N39,Parental,DUNE,DUNE,D3,D3-A08,1,1,1,1,1,1,310,1,0
478,DUNE,6,C,O13,Parental,DUNE,DUNE,D1,D1-A05,1,1,1,0,0,0,172,0,1
479,DUNE,6,C,O15,Parental,DUNE,DUNE,D0,D0-47,1,1,1,0,0,0,182,0,1
2400,HEAD,7,A,A13,Parental,HEAD,AHEAD,H2,H2-A10,1,1,1,1,1,0,229,0,1
2401,HEAD,7,A,A30,Parental,HEAD,AHEAD,H2,H2-A17,1,1,1,1,0,0,186,0,1
2402,HEAD,7,A,B12,Parental,HEAD,AHEAD,H2,H2-A11,1,1,1,1,0,0,231,0,1
2403,HEAD,7,A,B37,Parental,HEAD,AHEAD,H1,H1-A21R,1,1,1,1,1,0,231,0,1
2404,HEAD,7,A,C01,Parental,HEAD,AHEAD,H0,H0-59,0,0,0,0,0,0,0,NA,1
2405,HEAD,7,A,C31,Parental,HEAD,AHEAD,H2,H2-A14,1,1,1,1,1,0,188,0,1
2406,HEAD,7,A,E09,Parental,HEAD,AHEAD,H0,H0-50,1,1,1,0,0,0,149,0,1
2407,HEAD,7,A,H08,Parental,HEAD,AHEAD,H0,H0-52,1,1,1,1,0,0,227,0,1
2408,HEAD,7,A,I32,Parental,HEAD,AHEAD,H0,H0-61,1,1,1,0,0,0,149,0,1
2409,HEAD,7,A,I35,Parental,HEAD,AHEAD,H1,H1-A23R,1,1,1,1,1,0,261,0,1
2410,HEAD,7,A,I38,Parental,HEAD,AHEAD,H0,H0-67,0,0,0,0,0,0,0,NA,1
2411,HEAD,7,A,J15,Parental,HEAD,AHEAD,H1,H1-A29R,1,1,1,1,1,0,227,0,1
2412,HEAD,7,A,J17,Parental,HEAD,AHEAD,H2,H2-A28,1,1,1,0,0,0,99,0,1
2413,HEAD,7,A,K11,Parental,HEAD,AHEAD,H0,H0-78,0,0,0,0,0,0,0,NA,1
2414,HEAD,7,A,L05,Parental,HEAD,AHEAD,H0,H0-56,0,0,0,0,0,0,0,NA,1
2415,HEAD,7,A,M05,Parental,HEAD,AHEAD,H1,H1-A16R,1,1,1,1,1,0,190,0,1
2416,HEAD,7,A,M23,Parental,HEAD,AHEAD,H0,H0-190,1,1,1,1,0,0,229,0,1
2417,HEAD,7,A,M26,Parental,HEAD,AHEAD,H0,H0-76,1,1,1,1,0,0,231,0,1
2418,HEAD,7,A,N13,Parental,HEAD,AHEAD,H2,H2-A21,1,1,1,1,1,0,229,0,1
2419,HEAD,7,A,N14,Parental,HEAD,AHEAD,H2,H2-A05,1,1,1,1,0,0,184,0,1
2420,HEAD,7,A,N32,Parental,HEAD,AHEAD,H0,H0-54,1,1,1,1,1,0,263,0,1
2421,HEAD,7,A,N35,Parental,HEAD,AHEAD,H2,H2-A20,1,1,1,1,0,0,167,0,1
2422,HEAD,7,B,B18,Parental,HEAD,AHEAD,H1,H1-A03R,1,1,1,1,1,0,289,1,0
2423,HEAD,7,B,B33,Parental,HEAD,AHEAD,H1,H1-A30R,1,1,1,1,1,0,188,0,1
2424,HEAD,7,B,C06,Parental,HEAD,AHEAD,H2,H2-A22,1,1,1,1,0,0,261,0,1
2425,HEAD,7,B,D09,Parental,HEAD,AHEAD,H2,H2-A12,1,1,1,1,0,0,257,0,1
2426,HEAD,7,B,D23,Parental,HEAD,AHEAD,H2,H2-A19,1,1,1,1,0,0,116,0,1
2427,HEAD,7,B,E27,Parental,HEAD,AHEAD,H1,H1-A05R,1,1,1,1,0,0,263,0,1
2428,HEAD,7,B,F08,Parental,HEAD,AHEAD,H1,H1-A14R,1,1,1,1,0,0,229,0,1
2429,HEAD,7,B,G22,Parental,HEAD,AHEAD,H0,H0-62,1,1,1,1,0,0,225,0,1
2430,HEAD,7,B,H05,Parental,HEAD,AHEAD,H0,H0-57,0,0,0,0,0,0,0,NA,1
2431,HEAD,7,B,H28,Parental,HEAD,AHEAD,H1,H1-A12R,1,1,1,1,0,0,116,0,1
2432,HEAD,7,B,H32,Parental,HEAD,AHEAD,H0,H0-55,1,1,1,1,0,0,184,0,1
2433,HEAD,7,B,I07,Parental,HEAD,AHEAD,H1,H1-A01R,1,1,1,0,0,0,149,0,1
2434,HEAD,7,B,I09,Parental,HEAD,AHEAD,H2,H2-A25,1,1,1,0,0,0,143,0,1
2435,HEAD,7,B,I12,Parental,HEAD,AHEAD,H2,H2-A08,1,1,1,1,0,0,227,0,1
2436,HEAD,7,B,I16,Parental,HEAD,AHEAD,H1,H1-A25R,1,1,1,1,0,0,191,0,1
2437,HEAD,7,B,I17,Parental,HEAD,AHEAD,H0,H0-63,0,0,0,0,0,0,0,NA,1
2438,HEAD,7,B,I36,Parental,HEAD,AHEAD,H1,H1-A18R,0,0,0,0,0,0,0,NA,1
2439,HEAD,7,B,K09,Parental,HEAD,AHEAD,H1,H1-A32R,1,1,1,1,1,0,291,1,0
2440,HEAD,7,B,K12,Parental,HEAD,AHEAD,H1,H1-A07R,1,1,1,1,1,0,229,0,1
2441,HEAD,7,B,K29,Parental,HEAD,AHEAD,H1,H1-A13R,1,1,1,1,0,0,188,0,1
2442,HEAD,7,B,K40,Parental,HEAD,AHEAD,H1,H1-A09R,1,1,1,1,1,0,291,1,0
2443,HEAD,7,B,L15,Parental,HEAD,AHEAD,H1,H1-A04R,1,1,1,1,0,0,231,0,1
2444,HEAD,7,B,M15,Parental,HEAD,AHEAD,H1,H1-A06R,1,0,0,0,0,0,30,0,1
2445,HEAD,7,B,M22,Parental,HEAD,AHEAD,H2,H2-A13,1,1,1,1,0,0,167,0,1
2446,HEAD,7,B,M39,Parental,HEAD,AHEAD,H1,H1-A10R,1,1,1,1,1,0,263,0,1
2447,HEAD,7,B,N36,Parental,HEAD,AHEAD,H2,H2-A04,1,1,1,0,0,0,56,0,1
2448,HEAD,7,B,O27,Parental,HEAD,AHEAD,H1,H1-A31R,0,0,0,0,0,0,0,NA,1
2449,HEAD,7,C,A16,Parental,HEAD,AHEAD,H1,H1-A22R,0,0,0,0,0,0,0,NA,1
2450,HEAD,7,C,A33,Parental,HEAD,AHEAD,H1,H1-A28R,0,0,0,0,0,0,0,NA,1
2451,HEAD,7,C,B06,Parental,HEAD,AHEAD,H2,H2-A27,1,0,0,0,0,0,46,0,1
2452,HEAD,7,C,C03,Parental,HEAD,AHEAD,H0,H0-58,0,0,0,0,0,0,0,NA,1
2453,HEAD,7,C,C19,Parental,HEAD,AHEAD,H0,H0-22,1,1,1,1,1,0,291,1,0
2454,HEAD,7,C,C37,Parental,HEAD,AHEAD,H0,H0-49,1,1,1,1,1,0,225,0,1
2455,HEAD,7,C,D14,Parental,HEAD,AHEAD,H2,H2-A16,1,1,1,1,0,0,287,1,0
2456,HEAD,7,C,D27,Parental,HEAD,AHEAD,H1,H1-A24R,1,0,0,0,0,0,1,0,1
2457,HEAD,7,C,D34,Parental,HEAD,AHEAD,H1,H1-A15R,1,1,1,1,0,0,289,1,0
2458,HEAD,7,C,E17,Parental,HEAD,AHEAD,H1,H1-A20R,1,1,1,1,1,0,283,1,0
2459,HEAD,7,C,F01,Parental,HEAD,AHEAD,H2,H2-A07,0,0,0,0,0,0,0,NA,1
2460,HEAD,7,C,F08,Parental,HEAD,AHEAD,H1,H1-A11R,1,0,0,0,0,0,18,0,1
2461,HEAD,7,C,F14,Parental,HEAD,AHEAD,H0,H0-73,1,1,1,1,0,0,285,1,0
2462,HEAD,7,C,F16,Parental,HEAD,AHEAD,H0,H0-88,0,0,0,0,0,0,0,NA,1
2463,HEAD,7,C,G23,Parental,HEAD,AHEAD,H0,H0-71,1,0,0,0,0,0,20,0,1
2464,HEAD,7,C,H22,Parental,HEAD,AHEAD,H1,H1-A27R,1,1,1,0,0,0,29,0,1
2465,HEAD,7,C,I24,Parental,HEAD,AHEAD,H2,H2-A06,1,1,1,1,0,0,167,0,1
2466,HEAD,7,C,I26,Parental,HEAD,AHEAD,H2,H2-A24,1,1,1,1,0,0,279,1,0
2467,HEAD,7,C,K03,Parental,HEAD,AHEAD,H2,H2-A03,1,1,1,1,0,0,167,0,1
2468,HEAD,7,C,L09,Parental,HEAD,AHEAD,H2,H2-A01,1,1,1,1,1,0,190,0,1
2469,HEAD,7,C,L26,Parental,HEAD,AHEAD,H0,H0-69,1,1,1,1,0,0,188,0,1
2470,HEAD,7,C,L29,Parental,HEAD,AHEAD,H2,H2-A18,0,0,0,0,0,0,0,NA,1
2471,HEAD,7,C,N10,Parental,HEAD,AHEAD,H0,H0-72,1,1,1,1,1,0,289,1,0
2472,HEAD,7,C,N17,Parental,HEAD,AHEAD,H2,H2-A02,1,1,1,1,0,0,186,0,1
2473,HEAD,7,C,N18,Parental,HEAD,AHEAD,H0,H0-51,1,0,0,0,0,0,11,0,1
2474,HEAD,7,C,N36,Parental,HEAD,AHEAD,H0,H0-82,0,0,0,0,0,0,0,NA,1
2475,HEAD,7,C,N38,Parental,HEAD,AHEAD,H1,H1-A19R,1,1,1,1,1,0,291,1,0
2476,HEAD,7,C,O10,Parental,HEAD,AHEAD,H1,H1-A02R,1,1,1,1,1,1,291,1,0
2477,HEAD,7,C,O20,Parental,HEAD,AHEAD,H1,H1-A17R,1,0,0,0,0,0,25,0,1
2478,HEAD,7,C,O27,Parental,HEAD,AHEAD,H2,H2-A15,1,1,1,1,1,0,260,1,0
2479,HEAD,7,C,O31,Parental,HEAD,AHEAD,H0,H0-68,1,1,1,1,1,0,229,0,1
2480,HEAD,8,A,A13,Parental,HEAD,AHEAD,H2,H2-A10,1,0,0,0,0,0,20,0,1
2481,HEAD,8,A,A30,Parental,HEAD,AHEAD,H2,H2-A17,0,0,0,0,0,0,0,NA,1
2482,HEAD,8,A,B12,Parental,HEAD,AHEAD,H2,H2-A11,1,1,0,0,0,0,75,0,1
2483,HEAD,8,A,B37,Parental,HEAD,AHEAD,H1,H1-A21R,1,1,1,1,1,1,291,1,0
2484,HEAD,8,A,C01,Parental,HEAD,AHEAD,H0,H0-59,0,0,0,0,0,0,0,NA,1
2485,HEAD,8,A,C31,Parental,HEAD,AHEAD,H2,H2-A14,1,1,1,1,1,0,227,0,1
2486,HEAD,8,A,E09,Parental,HEAD,AHEAD,H0,H0-50,1,0,0,0,0,0,9,0,1
2487,HEAD,8,A,H08,Parental,HEAD,AHEAD,H0,H0-52,1,0,0,0,0,0,44,0,1
2488,HEAD,8,A,I32,Parental,HEAD,AHEAD,H0,H0-61,1,1,1,0,0,0,147,0,1
2489,HEAD,8,A,I35,Parental,HEAD,AHEAD,H1,H1-A23R,1,1,1,1,1,1,285,1,0
2490,HEAD,8,A,I38,Parental,HEAD,AHEAD,H0,H0-67,0,0,0,0,0,0,0,NA,1
2491,HEAD,8,A,J15,Parental,HEAD,AHEAD,H1,H1-A29R,1,1,1,1,1,0,289,1,0
2492,HEAD,8,A,J17,Parental,HEAD,AHEAD,H2,H2-A28,1,0,0,0,0,0,42,0,1
2493,HEAD,8,A,K11,Parental,HEAD,AHEAD,H0,H0-78,0,0,0,0,0,0,0,NA,1
2494,HEAD,8,A,L05,Parental,HEAD,AHEAD,H0,H0-56,1,1,1,1,1,0,291,1,0
2495,HEAD,8,A,M05,Parental,HEAD,AHEAD,H1,H1-A16R,0,0,0,0,0,0,0,NA,1
2496,HEAD,8,A,M23,Parental,HEAD,AHEAD,H0,H0-190,1,1,1,1,0,0,291,1,0
2497,HEAD,8,A,M26,Parental,HEAD,AHEAD,H0,H0-76,1,1,1,1,1,0,184,0,1
2498,HEAD,8,A,N13,Parental,HEAD,AHEAD,H2,H2-A21,1,0,0,0,0,0,20,0,1
2499,HEAD,8,A,N14,Parental,HEAD,AHEAD,H2,H2-A05,1,1,1,1,1,1,186,0,1
2500,HEAD,8,A,N32,Parental,HEAD,AHEAD,H0,H0-54,1,0,0,0,0,0,22,0,1
2501,HEAD,8,A,N35,Parental,HEAD,AHEAD,H2,H2-A20,0,0,0,0,0,0,0,NA,1
2502,HEAD,8,B,B18,Parental,HEAD,AHEAD,H1,H1-A03R,1,1,0,0,0,0,75,0,1
2503,HEAD,8,B,B33,Parental,HEAD,AHEAD,H1,H1-A30R,1,1,1,1,1,1,289,1,0
2504,HEAD,8,B,C06,Parental,HEAD,AHEAD,H2,H2-A22,1,1,1,0,0,0,99,0,1
2505,HEAD,8,B,D09,Parental,HEAD,AHEAD,H2,H2-A12,1,0,0,0,0,0,24,0,1
2506,HEAD,8,B,D23,Parental,HEAD,AHEAD,H2,H2-A19,1,0,0,0,0,0,44,0,1
2507,HEAD,8,B,E27,Parental,HEAD,AHEAD,H1,H1-A05R,1,1,1,1,1,1,291,1,0
2508,HEAD,8,B,F08,Parental,HEAD,AHEAD,H1,H1-A14R,1,1,1,0,1,1,153,0,1
2509,HEAD,8,B,G22,Parental,HEAD,AHEAD,H0,H0-62,1,0,0,0,0,0,18,0,1
2510,HEAD,8,B,H05,Parental,HEAD,AHEAD,H0,H0-57,0,0,0,0,0,0,0,NA,1
2511,HEAD,8,B,H28,Parental,HEAD,AHEAD,H1,H1-A12R,1,1,1,1,1,0,231,0,1
2512,HEAD,8,B,H32,Parental,HEAD,AHEAD,H0,H0-55,1,1,1,0,0,0,149,0,1
2513,HEAD,8,B,I07,Parental,HEAD,AHEAD,H1,H1-A01R,1,1,1,1,1,1,291,1,0
2514,HEAD,8,B,I09,Parental,HEAD,AHEAD,H2,H2-A25,1,1,0,0,0,0,71,0,1
2515,HEAD,8,B,I12,Parental,HEAD,AHEAD,H2,H2-A08,1,1,0,0,0,0,71,0,1
2516,HEAD,8,B,I16,Parental,HEAD,AHEAD,H1,H1-A25R,1,1,1,1,1,1,289,1,0
2517,HEAD,8,B,I17,Parental,HEAD,AHEAD,H0,H0-63,1,1,1,0,1,0,149,0,1
2518,HEAD,8,B,I36,Parental,HEAD,AHEAD,H1,H1-A18R,1,0,0,0,0,0,30,0,1
2519,HEAD,8,B,K09,Parental,HEAD,AHEAD,H1,H1-A32R,1,1,1,1,1,1,291,1,0
2520,HEAD,8,B,K12,Parental,HEAD,AHEAD,H1,H1-A07R,1,1,1,0,0,0,101,0,1
2521,HEAD,8,B,K29,Parental,HEAD,AHEAD,H1,H1-A13R,1,0,0,0,0,0,30,0,1
2522,HEAD,8,B,K40,Parental,HEAD,AHEAD,H1,H1-A09R,1,0,0,0,0,0,46,0,1
2523,HEAD,8,B,L15,Parental,HEAD,AHEAD,H1,H1-A04R,1,1,1,0,0,0,101,0,1
2524,HEAD,8,B,M15,Parental,HEAD,AHEAD,H1,H1-A06R,1,0,0,0,0,0,32,0,1
2525,HEAD,8,B,M22,Parental,HEAD,AHEAD,H2,H2-A13,1,1,1,0,1,0,149,0,1
2526,HEAD,8,B,M39,Parental,HEAD,AHEAD,H1,H1-A10R,1,0,0,0,0,0,48,0,1
2527,HEAD,8,B,N36,Parental,HEAD,AHEAD,H2,H2-A04,1,1,1,1,1,0,188,0,1
2528,HEAD,8,B,O27,Parental,HEAD,AHEAD,H1,H1-A31R,1,1,1,1,1,1,289,1,0
2529,HEAD,8,C,A16,Parental,HEAD,AHEAD,H1,H1-A22R,1,0,0,0,0,0,48,0,1
2530,HEAD,8,C,A33,Parental,HEAD,AHEAD,H1,H1-A28R,0,0,0,0,0,0,0,NA,1
2531,HEAD,8,C,B06,Parental,HEAD,AHEAD,H2,H2-A27,1,0,0,0,0,0,46,0,1
2532,HEAD,8,C,C03,Parental,HEAD,AHEAD,H0,H0-58,1,1,1,0,0,0,149,0,1
2533,HEAD,8,C,C19,Parental,HEAD,AHEAD,H0,H0-22,1,1,1,0,1,0,151,0,1
2534,HEAD,8,C,C37,Parental,HEAD,AHEAD,H0,H0-49,1,1,1,1,0,0,217,0,1
2535,HEAD,8,C,D14,Parental,HEAD,AHEAD,H2,H2-A16,1,1,1,0,1,0,149,0,1
2536,HEAD,8,C,D27,Parental,HEAD,AHEAD,H1,H1-A24R,1,0,0,0,0,0,11,0,1
2537,HEAD,8,C,D34,Parental,HEAD,AHEAD,H1,H1-A15R,0,0,0,0,0,0,0,NA,1
2538,HEAD,8,C,E17,Parental,HEAD,AHEAD,H1,H1-A20R,1,1,1,0,0,0,101,0,1
2539,HEAD,8,C,F01,Parental,HEAD,AHEAD,H2,H2-A07,0,0,0,0,0,0,0,NA,1
2540,HEAD,8,C,F08,Parental,HEAD,AHEAD,H1,H1-A11R,1,1,1,1,1,1,188,0,1
2541,HEAD,8,C,F14,Parental,HEAD,AHEAD,H0,H0-73,1,0,0,0,0,0,11,0,1
2542,HEAD,8,C,F16,Parental,HEAD,AHEAD,H0,H0-88,0,0,0,0,0,0,0,NA,1
2543,HEAD,8,C,G23,Parental,HEAD,AHEAD,H0,H0-71,1,1,1,1,1,1,225,0,1
2544,HEAD,8,C,H22,Parental,HEAD,AHEAD,H1,H1-A27R,0,0,0,0,0,0,0,NA,1
2545,HEAD,8,C,I24,Parental,HEAD,AHEAD,H2,H2-A06,1,1,1,1,0,0,188,0,1
2546,HEAD,8,C,I26,Parental,HEAD,AHEAD,H2,H2-A24,1,1,1,1,1,0,229,0,1
2547,HEAD,8,C,K03,Parental,HEAD,AHEAD,H2,H2-A03,1,1,1,0,0,0,147,0,1
2548,HEAD,8,C,L09,Parental,HEAD,AHEAD,H2,H2-A01,1,1,1,1,1,1,188,0,1
2549,HEAD,8,C,L26,Parental,HEAD,AHEAD,H0,H0-69,1,1,1,1,1,0,188,0,1
2550,HEAD,8,C,L29,Parental,HEAD,AHEAD,H2,H2-A18,0,0,0,0,0,0,0,NA,1
2551,HEAD,8,C,N10,Parental,HEAD,AHEAD,H0,H0-72,1,1,1,0,0,0,143,0,1
2552,HEAD,8,C,N17,Parental,HEAD,AHEAD,H2,H2-A02,1,1,1,0,0,0,99,0,1
2553,HEAD,8,C,N18,Parental,HEAD,AHEAD,H0,H0-51,0,0,0,0,0,0,0,NA,1
2554,HEAD,8,C,N36,Parental,HEAD,AHEAD,H0,H0-82,1,0,0,0,0,0,3,0,1
2555,HEAD,8,C,N38,Parental,HEAD,AHEAD,H1,H1-A19R,1,1,1,1,1,1,229,0,1
2556,HEAD,8,C,O10,Parental,HEAD,AHEAD,H1,H1-A02R,1,1,1,1,1,1,190,0,1
2557,HEAD,8,C,O20,Parental,HEAD,AHEAD,H1,H1-A17R,0,0,0,0,0,0,0,NA,1
2558,HEAD,8,C,O27,Parental,HEAD,AHEAD,H2,H2-A15,0,0,0,0,0,0,0,NA,1
2559,HEAD,8,C,O31,Parental,HEAD,AHEAD,H0,H0-68,1,1,1,1,0,0,188,0,1
2560,HEAD,9,A,A13,Parental,HEAD,AHEAD,H2,H2-A10,1,0,0,0,0,0,20,0,1
2561,HEAD,9,A,A30,Parental,HEAD,AHEAD,H2,H2-A17,1,0,0,0,0,0,14,0,1
2562,HEAD,9,A,B12,Parental,HEAD,AHEAD,H2,H2-A11,1,1,1,1,0,0,116,0,1
2563,HEAD,9,A,B37,Parental,HEAD,AHEAD,H1,H1-A21R,1,1,1,1,1,1,229,0,1
2564,HEAD,9,A,C01,Parental,HEAD,AHEAD,H0,H0-59,1,1,1,1,1,1,225,0,1
2565,HEAD,9,A,C31,Parental,HEAD,AHEAD,H2,H2-A14,1,1,1,1,1,0,263,0,1
2566,HEAD,9,A,E09,Parental,HEAD,AHEAD,H0,H0-50,1,1,1,0,1,0,147,0,1
2567,HEAD,9,A,H08,Parental,HEAD,AHEAD,H0,H0-52,1,0,0,0,0,0,17,0,1
2568,HEAD,9,A,I32,Parental,HEAD,AHEAD,H0,H0-61,0,0,0,0,0,0,0,NA,1
2569,HEAD,9,A,I35,Parental,HEAD,AHEAD,H1,H1-A23R,1,1,1,1,0,0,116,0,1
2570,HEAD,9,A,I38,Parental,HEAD,AHEAD,H0,H0-67,0,0,0,0,0,0,0,NA,1
2571,HEAD,9,A,J15,Parental,HEAD,AHEAD,H1,H1-A29R,1,1,1,1,1,0,227,0,1
2572,HEAD,9,A,J17,Parental,HEAD,AHEAD,H2,H2-A28,1,0,1,1,0,0,88,0,1
2573,HEAD,9,A,K11,Parental,HEAD,AHEAD,H0,H0-78,1,1,1,1,0,0,186,0,1
2574,HEAD,9,A,L05,Parental,HEAD,AHEAD,H0,H0-56,0,0,0,0,0,0,0,NA,1
2575,HEAD,9,A,M05,Parental,HEAD,AHEAD,H1,H1-A16R,1,1,1,1,1,0,188,0,1
2576,HEAD,9,A,M23,Parental,HEAD,AHEAD,H0,H0-190,1,1,0,0,1,0,77,0,1
2577,HEAD,9,A,M26,Parental,HEAD,AHEAD,H0,H0-76,1,1,1,1,0,0,186,0,1
2578,HEAD,9,A,N13,Parental,HEAD,AHEAD,H2,H2-A21,1,1,1,1,1,0,188,0,1
2579,HEAD,9,A,N14,Parental,HEAD,AHEAD,H2,H2-A05,1,1,1,1,0,0,188,0,1
2580,HEAD,9,A,N32,Parental,HEAD,AHEAD,H0,H0-54,1,1,1,1,1,0,227,0,1
2581,HEAD,9,A,N35,Parental,HEAD,AHEAD,H2,H2-A20,1,1,1,1,0,0,287,1,0
2582,HEAD,9,B,B18,Parental,HEAD,AHEAD,H1,H1-A03R,1,1,1,1,1,0,289,1,0
2583,HEAD,9,B,B33,Parental,HEAD,AHEAD,H1,H1-A30R,1,1,1,1,1,1,231,0,1
2584,HEAD,9,B,C06,Parental,HEAD,AHEAD,H2,H2-A22,1,0,0,0,0,0,28,0,1
2585,HEAD,9,B,D09,Parental,HEAD,AHEAD,H2,H2-A12,0,0,0,0,0,0,0,NA,1
2586,HEAD,9,B,D23,Parental,HEAD,AHEAD,H2,H2-A19,1,1,1,1,0,0,234,0,1
2587,HEAD,9,B,E27,Parental,HEAD,AHEAD,H1,H1-A05R,1,1,1,1,1,0,289,1,0
2588,HEAD,9,B,F08,Parental,HEAD,AHEAD,H1,H1-A14R,1,1,1,1,1,0,289,1,0
2589,HEAD,9,B,G22,Parental,HEAD,AHEAD,H0,H0-62,0,0,0,0,0,0,0,NA,1
2590,HEAD,9,B,H05,Parental,HEAD,AHEAD,H0,H0-57,1,0,0,0,0,0,5,0,1
2591,HEAD,9,B,H28,Parental,HEAD,AHEAD,H1,H1-A12R,1,1,1,1,1,0,283,1,0
2592,HEAD,9,B,H32,Parental,HEAD,AHEAD,H0,H0-55,1,1,1,1,1,0,186,0,1
2593,HEAD,9,B,I07,Parental,HEAD,AHEAD,H1,H1-A01R,1,1,0,0,0,0,1,0,1
2594,HEAD,9,B,I09,Parental,HEAD,AHEAD,H2,H2-A25,1,1,1,1,0,0,167,0,1
2595,HEAD,9,B,I12,Parental,HEAD,AHEAD,H2,H2-A08,0,0,0,0,0,0,0,NA,1
2596,HEAD,9,B,I16,Parental,HEAD,AHEAD,H1,H1-A25R,1,1,1,1,1,0,287,1,0
2597,HEAD,9,B,I17,Parental,HEAD,AHEAD,H0,H0-63,1,1,1,1,1,0,257,0,1
2598,HEAD,9,B,I36,Parental,HEAD,AHEAD,H1,H1-A18R,1,1,1,1,0,0,225,0,1
2599,HEAD,9,B,K09,Parental,HEAD,AHEAD,H1,H1-A32R,1,1,1,1,1,1,190,0,1
2600,HEAD,9,B,K12,Parental,HEAD,AHEAD,H1,H1-A07R,1,1,1,1,1,0,261,0,1
2601,HEAD,9,B,K29,Parental,HEAD,AHEAD,H1,H1-A13R,1,1,1,1,0,0,287,1,0
2602,HEAD,9,B,K40,Parental,HEAD,AHEAD,H1,H1-A09R,1,1,1,1,1,0,184,0,1
2603,HEAD,9,B,L15,Parental,HEAD,AHEAD,H1,H1-A04R,1,1,1,1,1,1,291,1,0
2604,HEAD,9,B,M15,Parental,HEAD,AHEAD,H1,H1-A06R,1,1,1,1,1,1,291,1,0
2605,HEAD,9,B,M22,Parental,HEAD,AHEAD,H2,H2-A13,0,0,0,0,0,0,0,NA,1
2606,HEAD,9,B,M39,Parental,HEAD,AHEAD,H1,H1-A10R,1,1,1,1,1,0,229,0,1
2607,HEAD,9,B,N36,Parental,HEAD,AHEAD,H2,H2-A04,1,1,1,1,1,0,186,0,1
2608,HEAD,9,B,O27,Parental,HEAD,AHEAD,H1,H1-A31R,1,1,1,1,1,0,285,1,0
2609,HEAD,9,C,A16,Parental,HEAD,AHEAD,H1,H1-A22R,1,1,1,1,1,0,287,1,0
2610,HEAD,9,C,A33,Parental,HEAD,AHEAD,H1,H1-A28R,1,1,1,0,0,0,147,0,1
2611,HEAD,9,C,B06,Parental,HEAD,AHEAD,H2,H2-A27,1,1,1,0,0,0,147,0,1
2612,HEAD,9,C,C03,Parental,HEAD,AHEAD,H0,H0-58,1,1,1,0,0,0,147,0,1
2613,HEAD,9,C,C19,Parental,HEAD,AHEAD,H0,H0-22,0,0,0,0,0,0,0,NA,1
2614,HEAD,9,C,C37,Parental,HEAD,AHEAD,H0,H0-49,1,0,1,0,0,0,49,0,1
2615,HEAD,9,C,D14,Parental,HEAD,AHEAD,H2,H2-A16,1,1,1,0,0,0,101,0,1
2616,HEAD,9,C,D27,Parental,HEAD,AHEAD,H1,H1-A24R,1,1,1,1,0,0,277,1,0
2617,HEAD,9,C,D34,Parental,HEAD,AHEAD,H1,H1-A15R,1,1,1,1,0,0,242,0,1
2618,HEAD,9,C,E17,Parental,HEAD,AHEAD,H1,H1-A20R,1,1,1,1,1,0,287,1,0
2619,HEAD,9,C,F01,Parental,HEAD,AHEAD,H2,H2-A07,0,0,0,0,0,0,0,NA,1
2620,HEAD,9,C,F08,Parental,HEAD,AHEAD,H1,H1-A11R,1,0,0,0,0,0,48,0,1
2621,HEAD,9,C,F14,Parental,HEAD,AHEAD,H0,H0-73,0,0,0,0,0,0,0,NA,1
2622,HEAD,9,C,F16,Parental,HEAD,AHEAD,H0,H0-88,1,1,1,1,0,0,167,0,1
2623,HEAD,9,C,G23,Parental,HEAD,AHEAD,H0,H0-71,1,0,0,0,0,0,24,0,1
2624,HEAD,9,C,H22,Parental,HEAD,AHEAD,H1,H1-A27R,1,1,1,1,1,0,263,0,1
2625,HEAD,9,C,I24,Parental,HEAD,AHEAD,H2,H2-A06,1,1,1,1,1,0,190,0,1
2626,HEAD,9,C,I26,Parental,HEAD,AHEAD,H2,H2-A24,1,1,1,1,1,0,208,0,1
2627,HEAD,9,C,K03,Parental,HEAD,AHEAD,H2,H2-A03,1,1,1,0,0,0,147,0,1
2628,HEAD,9,C,L09,Parental,HEAD,AHEAD,H2,H2-A01,1,1,0,0,0,0,67,0,1
2629,HEAD,9,C,L26,Parental,HEAD,AHEAD,H0,H0-69,1,0,0,0,0,0,5,0,1
2630,HEAD,9,C,L29,Parental,HEAD,AHEAD,H2,H2-A18,0,0,0,0,0,0,0,NA,1
2631,HEAD,9,C,N10,Parental,HEAD,AHEAD,H0,H0-72,0,0,0,0,0,0,0,NA,1
2632,HEAD,9,C,N17,Parental,HEAD,AHEAD,H2,H2-A02,1,0,0,0,0,0,18,0,1
2633,HEAD,9,C,N18,Parental,HEAD,AHEAD,H0,H0-51,0,0,0,0,0,0,0,NA,1
2634,HEAD,9,C,N36,Parental,HEAD,AHEAD,H0,H0-82,1,0,0,0,0,0,1,0,1
2635,HEAD,9,C,N38,Parental,HEAD,AHEAD,H1,H1-A19R,1,1,1,0,1,0,99,0,1
2636,HEAD,9,C,O10,Parental,HEAD,AHEAD,H1,H1-A02R,1,0,0,0,0,0,44,0,1
2637,HEAD,9,C,O20,Parental,HEAD,AHEAD,H1,H1-A17R,1,1,0,0,0,0,69,0,1
2638,HEAD,9,C,O27,Parental,HEAD,AHEAD,H2,H2-A15,1,1,1,0,0,0,147,0,1
2639,HEAD,9,C,O31,Parental,HEAD,AHEAD,H0,H0-68,0,0,0,0,0,0,0,NA,1
2640,HEAD,10,A,A13,Parental,HEAD,AHEAD,H2,H2-A10,1,0,0,0,0,0,18,0,1
2641,HEAD,10,A,A30,Parental,HEAD,AHEAD,H2,H2-A17,0,0,0,0,0,0,0,NA,1
2642,HEAD,10,A,B12,Parental,HEAD,AHEAD,H2,H2-A11,1,1,1,1,1,0,289,1,0
2643,HEAD,10,A,B37,Parental,HEAD,AHEAD,H1,H1-A21R,0,0,0,0,0,0,0,NA,1
2644,HEAD,10,A,C01,Parental,HEAD,AHEAD,H0,H0-59,0,0,0,0,0,0,0,NA,1
2645,HEAD,10,A,C31,Parental,HEAD,AHEAD,H2,H2-A14,0,0,0,0,0,0,0,NA,1
2646,HEAD,10,A,E09,Parental,HEAD,AHEAD,H0,H0-50,1,1,1,0,0,0,77,0,1
2647,HEAD,10,A,H08,Parental,HEAD,AHEAD,H0,H0-52,0,0,0,0,0,0,0,NA,1
2648,HEAD,10,A,I32,Parental,HEAD,AHEAD,H0,H0-61,0,0,0,0,0,0,0,NA,1
2649,HEAD,10,A,I35,Parental,HEAD,AHEAD,H1,H1-A23R,0,0,0,0,0,0,0,NA,1
2650,HEAD,10,A,I38,Parental,HEAD,AHEAD,H0,H0-67,1,0,0,0,0,0,9,0,1
2651,HEAD,10,A,J15,Parental,HEAD,AHEAD,H1,H1-A29R,1,1,1,1,0,0,116,0,1
2652,HEAD,10,A,J17,Parental,HEAD,AHEAD,H2,H2-A28,0,0,0,0,0,0,0,NA,1
2653,HEAD,10,A,K11,Parental,HEAD,AHEAD,H0,H0-78,1,1,1,1,1,1,188,0,1
2654,HEAD,10,A,L05,Parental,HEAD,AHEAD,H0,H0-56,0,0,0,0,0,0,0,NA,1
2655,HEAD,10,A,M05,Parental,HEAD,AHEAD,H1,H1-A16R,1,1,1,0,1,0,149,0,1
2656,HEAD,10,A,M23,Parental,HEAD,AHEAD,H0,H0-190,0,0,0,0,0,0,0,NA,1
2657,HEAD,10,A,M26,Parental,HEAD,AHEAD,H0,H0-76,1,1,1,0,1,1,99,0,1
2658,HEAD,10,A,N13,Parental,HEAD,AHEAD,H2,H2-A21,1,1,1,1,0,0,116,0,1
2659,HEAD,10,A,N14,Parental,HEAD,AHEAD,H2,H2-A05,1,1,1,0,0,0,77,0,1
2660,HEAD,10,A,N32,Parental,HEAD,AHEAD,H0,H0-54,1,1,1,0,1,1,147,0,1
2661,HEAD,10,A,N35,Parental,HEAD,AHEAD,H2,H2-A20,0,0,0,0,0,0,0,NA,1
2662,HEAD,10,B,B18,Parental,HEAD,AHEAD,H1,H1-A03R,1,1,1,0,0,0,29,0,1
2663,HEAD,10,B,B33,Parental,HEAD,AHEAD,H1,H1-A30R,1,1,1,1,1,1,186,0,1
2664,HEAD,10,B,C06,Parental,HEAD,AHEAD,H2,H2-A22,0,0,0,0,0,0,0,NA,1
2665,HEAD,10,B,D09,Parental,HEAD,AHEAD,H2,H2-A12,1,1,1,0,0,0,77,0,1
2666,HEAD,10,B,D23,Parental,HEAD,AHEAD,H2,H2-A19,0,0,0,0,0,0,0,0,1
2667,HEAD,10,B,E27,Parental,HEAD,AHEAD,H1,H1-A05R,1,0,0,0,0,0,9,0,1
2668,HEAD,10,B,F08,Parental,HEAD,AHEAD,H1,H1-A14R,1,0,0,0,0,0,1,0,1
2669,HEAD,10,B,G22,Parental,HEAD,AHEAD,H0,H0-62,1,1,1,1,0,0,186,0,1
2670,HEAD,10,B,H05,Parental,HEAD,AHEAD,H0,H0-57,1,1,1,0,0,0,77,0,1
2671,HEAD,10,B,H28,Parental,HEAD,AHEAD,H1,H1-A12R,0,0,0,0,0,0,0,NA,1
2672,HEAD,10,B,H32,Parental,HEAD,AHEAD,H0,H0-55,1,1,1,0,0,0,95,0,1
2673,HEAD,10,B,I07,Parental,HEAD,AHEAD,H1,H1-A01R,1,0,0,0,0,0,16,0,1
2674,HEAD,10,B,I09,Parental,HEAD,AHEAD,H2,H2-A25,0,0,0,0,0,0,0,NA,1
2675,HEAD,10,B,I12,Parental,HEAD,AHEAD,H2,H2-A08,1,1,1,0,0,0,104,0,1
2676,HEAD,10,B,I16,Parental,HEAD,AHEAD,H1,H1-A25R,1,1,1,0,1,0,104,0,1
2677,HEAD,10,B,I17,Parental,HEAD,AHEAD,H0,H0-63,1,0,0,0,0,0,28,0,1
2678,HEAD,10,B,I36,Parental,HEAD,AHEAD,H1,H1-A18R,1,1,1,1,1,0,186,0,1
2679,HEAD,10,B,K09,Parental,HEAD,AHEAD,H1,H1-A32R,1,1,1,0,0,0,147,0,1
2680,HEAD,10,B,K12,Parental,HEAD,AHEAD,H1,H1-A07R,1,1,1,0,1,0,147,0,1
2681,HEAD,10,B,K29,Parental,HEAD,AHEAD,H1,H1-A13R,1,1,1,0,0,0,147,0,1
2682,HEAD,10,B,K40,Parental,HEAD,AHEAD,H1,H1-A09R,1,1,1,0,0,0,147,0,1
2683,HEAD,10,B,L15,Parental,HEAD,AHEAD,H1,H1-A04R,1,1,1,0,1,0,147,0,1
2684,HEAD,10,B,M15,Parental,HEAD,AHEAD,H1,H1-A06R,0,0,0,0,0,0,0,NA,1
2685,HEAD,10,B,M22,Parental,HEAD,AHEAD,H2,H2-A13,1,1,1,0,0,0,128,0,1
2686,HEAD,10,B,M39,Parental,HEAD,AHEAD,H1,H1-A10R,0,0,0,0,0,0,0,NA,1
2687,HEAD,10,B,N36,Parental,HEAD,AHEAD,H2,H2-A04,0,0,0,0,0,0,0,NA,1
2688,HEAD,10,B,O27,Parental,HEAD,AHEAD,H1,H1-A31R,1,1,1,0,0,0,147,0,1
2689,HEAD,10,C,A16,Parental,HEAD,AHEAD,H1,H1-A22R,0,0,0,0,0,0,0,NA,1
2690,HEAD,10,C,A33,Parental,HEAD,AHEAD,H1,H1-A28R,1,1,1,0,1,1,145,0,1
2691,HEAD,10,C,B06,Parental,HEAD,AHEAD,H2,H2-A27,0,0,0,0,0,0,0,NA,1
2692,HEAD,10,C,C03,Parental,HEAD,AHEAD,H0,H0-58,1,1,1,0,0,0,139,0,1
2693,HEAD,10,C,C19,Parental,HEAD,AHEAD,H0,H0-22,1,0,0,0,0,0,1,0,1
2694,HEAD,10,C,C37,Parental,HEAD,AHEAD,H0,H0-49,0,0,0,0,0,0,0,NA,1
2695,HEAD,10,C,D14,Parental,HEAD,AHEAD,H2,H2-A16,1,0,0,0,0,0,1,0,1
2696,HEAD,10,C,D27,Parental,HEAD,AHEAD,H1,H1-A24R,1,1,1,1,0,0,167,0,1
2697,HEAD,10,C,D34,Parental,HEAD,AHEAD,H1,H1-A15R,1,1,1,1,1,0,186,0,1
2698,HEAD,10,C,E17,Parental,HEAD,AHEAD,H1,H1-A20R,1,1,1,1,1,0,261,0,1
2699,HEAD,10,C,F01,Parental,HEAD,AHEAD,H2,H2-A07,0,0,0,0,0,0,0,NA,1
2700,HEAD,10,C,F08,Parental,HEAD,AHEAD,H1,H1-A11R,1,0,0,0,0,0,1,0,1
2701,HEAD,10,C,F14,Parental,HEAD,AHEAD,H0,H0-73,1,1,1,0,0,0,145,0,1
2702,HEAD,10,C,F16,Parental,HEAD,AHEAD,H0,H0-88,1,1,1,0,0,0,80,0,1
2703,HEAD,10,C,G23,Parental,HEAD,AHEAD,H0,H0-71,0,0,0,0,0,0,0,NA,1
2704,HEAD,10,C,H22,Parental,HEAD,AHEAD,H1,H1-A27R,1,1,1,1,1,0,186,0,1
2705,HEAD,10,C,I24,Parental,HEAD,AHEAD,H2,H2-A06,1,1,1,1,0,0,186,0,1
2706,HEAD,10,C,I26,Parental,HEAD,AHEAD,H2,H2-A24,1,1,1,0,0,0,143,0,1
2707,HEAD,10,C,K03,Parental,HEAD,AHEAD,H2,H2-A03,1,1,1,1,1,1,261,0,1
2708,HEAD,10,C,L09,Parental,HEAD,AHEAD,H2,H2-A01,1,1,1,1,1,0,184,0,1
2709,HEAD,10,C,L26,Parental,HEAD,AHEAD,H0,H0-69,0,0,0,0,0,0,0,0,1
2710,HEAD,10,C,L29,Parental,HEAD,AHEAD,H2,H2-A18,0,0,0,0,0,0,0,NA,1
2711,HEAD,10,C,N10,Parental,HEAD,AHEAD,H0,H0-72,1,1,1,0,1,0,147,0,1
2712,HEAD,10,C,N17,Parental,HEAD,AHEAD,H2,H2-A02,0,0,0,0,0,0,0,0,1
2713,HEAD,10,C,N18,Parental,HEAD,AHEAD,H0,H0-51,1,0,0,0,0,0,42,0,1
2714,HEAD,10,C,N36,Parental,HEAD,AHEAD,H0,H0-82,0,0,0,0,0,0,0,NA,1
2715,HEAD,10,C,N38,Parental,HEAD,AHEAD,H1,H1-A19R,1,1,1,1,1,1,227,0,1
2716,HEAD,10,C,O10,Parental,HEAD,AHEAD,H1,H1-A02R,0,0,0,0,0,0,0,NA,1
2717,HEAD,10,C,O20,Parental,HEAD,AHEAD,H1,H1-A17R,0,0,0,0,0,0,0,NA,1
2718,HEAD,10,C,O27,Parental,HEAD,AHEAD,H2,H2-A15,1,1,1,0,1,0,149,0,1
2719,HEAD,10,C,O31,Parental,HEAD,AHEAD,H0,H0-68,1,1,1,0,0,0,143,0,1
2720,HEAD,11,A,A13,Parental,HEAD,AHEAD,H2,H2-A10,1,1,1,0,0,0,104,0,1
2721,HEAD,11,A,A30,Parental,HEAD,AHEAD,H2,H2-A17,1,0,0,0,0,0,1,0,1
2722,HEAD,11,A,B12,Parental,HEAD,AHEAD,H2,H2-A11,1,0,0,0,0,0,1,0,1
2723,HEAD,11,A,B37,Parental,HEAD,AHEAD,H1,H1-A21R,0,0,0,0,0,0,0,NA,1
2724,HEAD,11,A,C01,Parental,HEAD,AHEAD,H0,H0-59,1,1,1,0,0,0,145,0,1
2725,HEAD,11,A,C31,Parental,HEAD,AHEAD,H2,H2-A14,1,1,1,0,0,0,77,0,1
2726,HEAD,11,A,E09,Parental,HEAD,AHEAD,H0,H0-50,0,0,0,0,0,0,0,NA,1
2727,HEAD,11,A,H08,Parental,HEAD,AHEAD,H0,H0-52,1,0,0,0,0,0,1,0,1
2728,HEAD,11,A,I32,Parental,HEAD,AHEAD,H0,H0-61,1,0,0,0,0,0,3,0,1
2729,HEAD,11,A,I35,Parental,HEAD,AHEAD,H1,H1-A23R,0,0,0,0,0,0,0,NA,1
2730,HEAD,11,A,I38,Parental,HEAD,AHEAD,H0,H0-67,1,0,0,0,0,0,28,0,1
2731,HEAD,11,A,J15,Parental,HEAD,AHEAD,H1,H1-A29R,1,1,1,1,1,0,285,1,0
2732,HEAD,11,A,J17,Parental,HEAD,AHEAD,H2,H2-A28,0,0,0,0,0,0,0,NA,1
2733,HEAD,11,A,K11,Parental,HEAD,AHEAD,H0,H0-78,1,1,1,1,1,0,285,1,0
2734,HEAD,11,A,L05,Parental,HEAD,AHEAD,H0,H0-56,0,0,0,0,0,0,0,NA,1
2735,HEAD,11,A,M05,Parental,HEAD,AHEAD,H1,H1-A16R,1,0,0,0,0,0,46,0,1
2736,HEAD,11,A,M23,Parental,HEAD,AHEAD,H0,H0-190,0,0,0,0,0,0,0,NA,1
2737,HEAD,11,A,M26,Parental,HEAD,AHEAD,H0,H0-76,0,0,0,0,0,0,0,NA,1
2738,HEAD,11,A,N13,Parental,HEAD,AHEAD,H2,H2-A21,0,0,0,0,0,0,0,NA,1
2739,HEAD,11,A,N14,Parental,HEAD,AHEAD,H2,H2-A05,0,0,0,0,0,0,0,NA,1
2740,HEAD,11,A,N32,Parental,HEAD,AHEAD,H0,H0-54,0,0,0,0,0,0,0,NA,1
2741,HEAD,11,A,N35,Parental,HEAD,AHEAD,H2,H2-A20,0,0,0,0,0,0,0,NA,1
2742,HEAD,11,B,B18,Parental,HEAD,AHEAD,H1,H1-A03R,1,1,1,1,1,1,188,0,1
2743,HEAD,11,B,B33,Parental,HEAD,AHEAD,H1,H1-A30R,1,0,0,0,0,0,46,0,1
2744,HEAD,11,B,C06,Parental,HEAD,AHEAD,H2,H2-A22,0,0,0,0,0,0,0,NA,1
2745,HEAD,11,B,D09,Parental,HEAD,AHEAD,H2,H2-A12,1,1,1,1,1,1,186,0,1
2746,HEAD,11,B,D23,Parental,HEAD,AHEAD,H2,H2-A19,1,1,1,1,1,0,188,0,1
2747,HEAD,11,B,E27,Parental,HEAD,AHEAD,H1,H1-A05R,1,1,1,1,1,0,231,0,1
2748,HEAD,11,B,F08,Parental,HEAD,AHEAD,H1,H1-A14R,1,1,1,1,1,0,186,0,1
2749,HEAD,11,B,G22,Parental,HEAD,AHEAD,H0,H0-62,1,1,1,1,1,0,287,1,0
2750,HEAD,11,B,H05,Parental,HEAD,AHEAD,H0,H0-57,1,1,1,1,1,0,186,0,1
2751,HEAD,11,B,H28,Parental,HEAD,AHEAD,H1,H1-A12R,1,1,1,1,0,0,180,0,1
2752,HEAD,11,B,H32,Parental,HEAD,AHEAD,H0,H0-55,1,1,1,0,0,0,77,0,1
2753,HEAD,11,B,I07,Parental,HEAD,AHEAD,H1,H1-A01R,1,0,0,0,0,0,24,0,1
2754,HEAD,11,B,I09,Parental,HEAD,AHEAD,H2,H2-A25,1,1,1,0,0,0,29,0,1
2755,HEAD,11,B,I12,Parental,HEAD,AHEAD,H2,H2-A08,1,1,1,1,1,0,167,0,1
2756,HEAD,11,B,I16,Parental,HEAD,AHEAD,H1,H1-A25R,1,1,1,1,1,0,188,0,1
2757,HEAD,11,B,I17,Parental,HEAD,AHEAD,H0,H0-63,1,1,1,1,1,0,186,0,1
2758,HEAD,11,B,I36,Parental,HEAD,AHEAD,H1,H1-A18R,0,0,0,0,0,0,0,NA,1
2759,HEAD,11,B,K09,Parental,HEAD,AHEAD,H1,H1-A32R,0,0,0,0,0,0,0,NA,1
2760,HEAD,11,B,K12,Parental,HEAD,AHEAD,H1,H1-A07R,1,1,1,0,1,1,149,0,1
2761,HEAD,11,B,K29,Parental,HEAD,AHEAD,H1,H1-A13R,1,1,1,1,1,0,188,0,1
2762,HEAD,11,B,K40,Parental,HEAD,AHEAD,H1,H1-A09R,1,1,1,1,1,0,227,0,1
2763,HEAD,11,B,L15,Parental,HEAD,AHEAD,H1,H1-A04R,1,0,0,0,0,0,32,0,1
2764,HEAD,11,B,M15,Parental,HEAD,AHEAD,H1,H1-A06R,0,0,0,0,0,0,0,NA,1
2765,HEAD,11,B,M22,Parental,HEAD,AHEAD,H2,H2-A13,1,1,1,1,1,0,167,0,1
2766,HEAD,11,B,M39,Parental,HEAD,AHEAD,H1,H1-A10R,1,1,1,0,0,0,104,0,1
2767,HEAD,11,B,N36,Parental,HEAD,AHEAD,H2,H2-A04,0,0,0,0,0,0,0,NA,1
2768,HEAD,11,B,O27,Parental,HEAD,AHEAD,H1,H1-A31R,1,1,1,1,1,1,190,0,1
2769,HEAD,11,C,A16,Parental,HEAD,AHEAD,H1,H1-A22R,1,1,1,0,0,0,128,0,1
2770,HEAD,11,C,A33,Parental,HEAD,AHEAD,H1,H1-A28R,1,1,1,1,1,0,291,1,0
2771,HEAD,11,C,B06,Parental,HEAD,AHEAD,H2,H2-A27,1,1,1,1,1,1,289,1,0
2772,HEAD,11,C,C03,Parental,HEAD,AHEAD,H0,H0-58,1,1,1,0,0,0,137,0,1
2773,HEAD,11,C,C19,Parental,HEAD,AHEAD,H0,H0-22,1,1,1,1,1,1,291,1,0
2774,HEAD,11,C,C37,Parental,HEAD,AHEAD,H0,H0-49,0,0,0,0,0,0,0,NA,1
2775,HEAD,11,C,D14,Parental,HEAD,AHEAD,H2,H2-A16,1,1,1,1,1,1,291,1,0
2776,HEAD,11,C,D27,Parental,HEAD,AHEAD,H1,H1-A24R,0,0,0,0,0,0,0,NA,1
2777,HEAD,11,C,D34,Parental,HEAD,AHEAD,H1,H1-A15R,0,0,0,0,0,0,0,NA,1
2778,HEAD,11,C,E17,Parental,HEAD,AHEAD,H1,H1-A20R,1,1,1,1,1,0,289,1,0
2779,HEAD,11,C,F01,Parental,HEAD,AHEAD,H2,H2-A07,1,1,1,0,0,0,104,0,1
2780,HEAD,11,C,F08,Parental,HEAD,AHEAD,H1,H1-A11R,1,0,0,0,0,0,5,0,1
2781,HEAD,11,C,F14,Parental,HEAD,AHEAD,H0,H0-73,0,0,0,0,0,0,0,NA,1
2782,HEAD,11,C,F16,Parental,HEAD,AHEAD,H0,H0-88,0,0,0,0,0,0,0,NA,1
2783,HEAD,11,C,G23,Parental,HEAD,AHEAD,H0,H0-71,1,1,1,1,1,0,277,1,0
2784,HEAD,11,C,H22,Parental,HEAD,AHEAD,H1,H1-A27R,0,0,0,0,0,0,0,NA,1
2785,HEAD,11,C,I24,Parental,HEAD,AHEAD,H2,H2-A06,1,1,1,0,0,0,149,0,1
2786,HEAD,11,C,I26,Parental,HEAD,AHEAD,H2,H2-A24,1,1,1,1,0,0,218,0,1
2787,HEAD,11,C,K03,Parental,HEAD,AHEAD,H2,H2-A03,1,1,1,1,1,0,285,1,0
2788,HEAD,11,C,L09,Parental,HEAD,AHEAD,H2,H2-A01,1,1,1,1,1,0,263,0,1
2789,HEAD,11,C,L26,Parental,HEAD,AHEAD,H0,H0-69,1,1,1,0,0,0,139,0,1
2790,HEAD,11,C,L29,Parental,HEAD,AHEAD,H2,H2-A18,1,1,1,1,1,0,268,1,0
2791,HEAD,11,C,N10,Parental,HEAD,AHEAD,H0,H0-72,1,0,0,0,0,0,44,0,1
2792,HEAD,11,C,N17,Parental,HEAD,AHEAD,H2,H2-A02,1,1,1,1,1,0,287,1,0
2793,HEAD,11,C,N18,Parental,HEAD,AHEAD,H0,H0-51,1,1,0,0,0,0,61,0,1
2794,HEAD,11,C,N36,Parental,HEAD,AHEAD,H0,H0-82,1,1,1,0,0,0,147,0,1
2795,HEAD,11,C,N38,Parental,HEAD,AHEAD,H1,H1-A19R,1,1,1,1,1,0,289,1,0
2796,HEAD,11,C,O10,Parental,HEAD,AHEAD,H1,H1-A02R,1,1,1,1,1,0,289,1,0
2797,HEAD,11,C,O20,Parental,HEAD,AHEAD,H1,H1-A17R,1,1,1,1,1,0,289,1,0
2798,HEAD,11,C,O27,Parental,HEAD,AHEAD,H2,H2-A15,1,1,1,1,1,0,227,0,1
2799,HEAD,11,C,O31,Parental,HEAD,AHEAD,H0,H0-68,1,1,1,0,0,0,137,0,1
2800,HEAD,12,A,A13,Parental,HEAD,AHEAD,H2,H2-A10,1,1,1,1,1,0,225,0,1
2801,HEAD,12,A,A30,Parental,HEAD,AHEAD,H2,H2-A17,1,1,1,1,0,0,167,0,1
2802,HEAD,12,A,B12,Parental,HEAD,AHEAD,H2,H2-A11,1,1,1,1,1,0,229,0,1
2803,HEAD,12,A,B37,Parental,HEAD,AHEAD,H1,H1-A21R,1,1,1,1,1,0,229,0,1
2804,HEAD,12,A,C01,Parental,HEAD,AHEAD,H0,H0-59,1,1,1,1,1,1,227,0,1
2805,HEAD,12,A,C31,Parental,HEAD,AHEAD,H2,H2-A14,1,1,1,0,0,0,147,0,1
2806,HEAD,12,A,E09,Parental,HEAD,AHEAD,H0,H0-50,1,1,1,0,0,0,149,0,1
2807,HEAD,12,A,H08,Parental,HEAD,AHEAD,H0,H0-52,1,1,1,0,0,0,145,0,1
2808,HEAD,12,A,I32,Parental,HEAD,AHEAD,H0,H0-61,0,0,0,0,0,0,0,NA,1
2809,HEAD,12,A,I35,Parental,HEAD,AHEAD,H1,H1-A23R,1,1,1,1,1,1,227,0,1
2810,HEAD,12,A,I38,Parental,HEAD,AHEAD,H0,H0-67,0,0,0,0,0,0,0,NA,1
2811,HEAD,12,A,J15,Parental,HEAD,AHEAD,H1,H1-A29R,1,1,1,1,1,1,261,0,1
2812,HEAD,12,A,J17,Parental,HEAD,AHEAD,H2,H2-A28,1,1,1,0,0,0,128,0,1
2813,HEAD,12,A,K11,Parental,HEAD,AHEAD,H0,H0-78,1,1,1,1,1,0,225,0,1
2814,HEAD,12,A,L05,Parental,HEAD,AHEAD,H0,H0-56,0,0,0,0,0,0,0,NA,1
2815,HEAD,12,A,M05,Parental,HEAD,AHEAD,H1,H1-A16R,1,1,1,1,1,0,227,0,1
2816,HEAD,12,A,M23,Parental,HEAD,AHEAD,H0,H0-190,1,0,0,0,0,0,1,0,1
2817,HEAD,12,A,M26,Parental,HEAD,AHEAD,H0,H0-76,1,0,0,0,0,0,44,0,1
2818,HEAD,12,A,N13,Parental,HEAD,AHEAD,H2,H2-A21,1,1,1,0,1,0,149,0,1
2819,HEAD,12,A,N14,Parental,HEAD,AHEAD,H2,H2-A05,1,1,1,1,1,1,229,0,1
2820,HEAD,12,A,N32,Parental,HEAD,AHEAD,H0,H0-54,1,0,0,0,0,0,46,0,1
2821,HEAD,12,A,N35,Parental,HEAD,AHEAD,H2,H2-A20,0,0,0,0,0,0,0,NA,1
2822,HEAD,12,B,B18,Parental,HEAD,AHEAD,H1,H1-A03R,0,0,0,0,0,0,0,NA,1
2823,HEAD,12,B,B33,Parental,HEAD,AHEAD,H1,H1-A30R,1,0,0,0,0,0,48,0,1
2824,HEAD,12,B,C06,Parental,HEAD,AHEAD,H2,H2-A22,1,0,0,0,0,0,1,0,1
2825,HEAD,12,B,D09,Parental,HEAD,AHEAD,H2,H2-A12,1,1,1,0,0,0,145,0,1
2826,HEAD,12,B,D23,Parental,HEAD,AHEAD,H2,H2-A19,1,1,1,0,0,0,29,0,1
2827,HEAD,12,B,E27,Parental,HEAD,AHEAD,H1,H1-A05R,1,1,1,1,1,0,227,0,1
2828,HEAD,12,B,F08,Parental,HEAD,AHEAD,H1,H1-A14R,1,1,1,1,1,1,229,0,1
2829,HEAD,12,B,G22,Parental,HEAD,AHEAD,H0,H0-62,0,0,0,0,0,0,0,NA,1
2830,HEAD,12,B,H05,Parental,HEAD,AHEAD,H0,H0-57,1,1,1,1,1,0,184,0,1
2831,HEAD,12,B,H28,Parental,HEAD,AHEAD,H1,H1-A12R,1,1,1,1,1,0,227,0,1
2832,HEAD,12,B,H32,Parental,HEAD,AHEAD,H0,H0-55,1,1,1,0,0,0,147,0,1
2833,HEAD,12,B,I07,Parental,HEAD,AHEAD,H1,H1-A01R,1,1,1,1,1,0,229,0,1
2834,HEAD,12,B,I09,Parental,HEAD,AHEAD,H2,H2-A25,1,1,1,0,0,0,104,0,1
2835,HEAD,12,B,I12,Parental,HEAD,AHEAD,H2,H2-A08,1,1,1,0,0,0,56,0,1
2836,HEAD,12,B,I16,Parental,HEAD,AHEAD,H1,H1-A25R,1,1,1,1,1,0,229,0,1
2837,HEAD,12,B,I17,Parental,HEAD,AHEAD,H0,H0-63,1,1,1,1,0,0,227,0,1
2838,HEAD,12,B,I36,Parental,HEAD,AHEAD,H1,H1-A18R,1,0,0,0,0,0,22,0,1
2839,HEAD,12,B,K09,Parental,HEAD,AHEAD,H1,H1-A32R,1,1,1,1,1,1,229,0,1
2840,HEAD,12,B,K12,Parental,HEAD,AHEAD,H1,H1-A07R,1,1,1,1,1,0,229,0,1
2841,HEAD,12,B,K29,Parental,HEAD,AHEAD,H1,H1-A13R,1,1,1,1,1,1,227,0,1
2842,HEAD,12,B,K40,Parental,HEAD,AHEAD,H1,H1-A09R,1,1,1,1,1,1,225,0,1
2843,HEAD,12,B,L15,Parental,HEAD,AHEAD,H1,H1-A04R,1,1,1,1,1,1,231,0,1
2844,HEAD,12,B,M15,Parental,HEAD,AHEAD,H1,H1-A06R,1,1,1,1,1,1,231,0,1
2845,HEAD,12,B,M22,Parental,HEAD,AHEAD,H2,H2-A13,1,0,0,0,0,0,10,0,1
2846,HEAD,12,B,M39,Parental,HEAD,AHEAD,H1,H1-A10R,1,0,0,0,0,0,22,0,1
2847,HEAD,12,B,N36,Parental,HEAD,AHEAD,H2,H2-A04,1,0,0,0,0,0,22,0,1
2848,HEAD,12,B,O27,Parental,HEAD,AHEAD,H1,H1-A31R,1,1,1,1,1,1,231,0,1
2849,HEAD,12,C,A16,Parental,HEAD,AHEAD,H1,H1-A22R,1,1,1,1,1,1,188,0,1
2850,HEAD,12,C,A33,Parental,HEAD,AHEAD,H1,H1-A28R,1,1,1,0,1,0,151,0,1
2851,HEAD,12,C,B06,Parental,HEAD,AHEAD,H2,H2-A27,1,1,1,0,1,1,149,0,1
2852,HEAD,12,C,C03,Parental,HEAD,AHEAD,H0,H0-58,1,1,1,0,0,0,99,0,1
2853,HEAD,12,C,C19,Parental,HEAD,AHEAD,H0,H0-22,1,1,1,0,1,0,103,0,1
2854,HEAD,12,C,C37,Parental,HEAD,AHEAD,H0,H0-49,1,1,0,0,0,0,61,0,1
2855,HEAD,12,C,D14,Parental,HEAD,AHEAD,H2,H2-A16,1,1,1,0,1,0,101,0,1
2856,HEAD,12,C,D27,Parental,HEAD,AHEAD,H1,H1-A24R,1,1,1,0,1,1,149,0,1
2857,HEAD,12,C,D34,Parental,HEAD,AHEAD,H1,H1-A15R,0,0,0,0,0,0,0,NA,1
2858,HEAD,12,C,E17,Parental,HEAD,AHEAD,H1,H1-A20R,1,1,1,1,1,0,229,0,1
2859,HEAD,12,C,F01,Parental,HEAD,AHEAD,H2,H2-A07,1,1,0,0,0,0,73,0,1
2860,HEAD,12,C,F08,Parental,HEAD,AHEAD,H1,H1-A11R,1,1,1,1,1,0,229,0,1
2861,HEAD,12,C,F14,Parental,HEAD,AHEAD,H0,H0-73,0,0,0,0,0,0,0,NA,1
2862,HEAD,12,C,F16,Parental,HEAD,AHEAD,H0,H0-88,0,0,0,0,0,0,0,NA,1
2863,HEAD,12,C,G23,Parental,HEAD,AHEAD,H0,H0-71,1,1,1,0,1,0,101,0,1
2864,HEAD,12,C,H22,Parental,HEAD,AHEAD,H1,H1-A27R,1,1,1,0,1,0,101,0,1
2865,HEAD,12,C,I24,Parental,HEAD,AHEAD,H2,H2-A06,1,1,1,1,1,1,190,0,1
2866,HEAD,12,C,I26,Parental,HEAD,AHEAD,H2,H2-A24,1,1,1,0,1,0,99,0,1
2867,HEAD,12,C,K03,Parental,HEAD,AHEAD,H2,H2-A03,1,1,1,1,1,0,223,0,1
2868,HEAD,12,C,L09,Parental,HEAD,AHEAD,H2,H2-A01,1,1,1,0,1,0,101,0,1
2869,HEAD,12,C,L26,Parental,HEAD,AHEAD,H0,H0-69,1,1,1,0,0,0,101,0,1
2870,HEAD,12,C,L29,Parental,HEAD,AHEAD,H2,H2-A18,1,1,0,0,0,0,73,0,1
2871,HEAD,12,C,N10,Parental,HEAD,AHEAD,H0,H0-72,1,1,1,0,0,0,99,0,1
2872,HEAD,12,C,N17,Parental,HEAD,AHEAD,H2,H2-A02,1,1,1,0,0,0,95,0,1
2873,HEAD,12,C,N18,Parental,HEAD,AHEAD,H0,H0-51,1,1,1,0,0,0,101,0,1
2874,HEAD,12,C,N36,Parental,HEAD,AHEAD,H0,H0-82,1,0,0,0,0,0,46,0,1
2875,HEAD,12,C,N38,Parental,HEAD,AHEAD,H1,H1-A19R,1,1,1,1,1,1,227,0,1
2876,HEAD,12,C,O10,Parental,HEAD,AHEAD,H1,H1-A02R,1,1,1,1,1,1,190,0,1
2877,HEAD,12,C,O20,Parental,HEAD,AHEAD,H1,H1-A17R,1,1,1,0,1,1,149,0,1
2878,HEAD,12,C,O27,Parental,HEAD,AHEAD,H2,H2-A15,1,1,1,1,1,1,229,0,1
2879,HEAD,12,C,O31,Parental,HEAD,AHEAD,H0,H0-68,1,1,1,1,0,0,184,0,1